monero,"Sep 05, 2017",106.75,122.63,95.81,118.82,113378000,1605070000
monero,"Sep 04, 2017",126.23,126.23,101.73,106.17,89194700,1897480000
monero,"Sep 03, 2017",124.93,129.29,115.74,126.01,92631100,1877380000
monero,"Sep 02, 2017",141.35,141.4,121.96,124.8,128849000,2123430000
monero,"Sep 01, 2017",140.65,150.09,136.49,141.2,163961000,2112260000
monero,"Aug 31, 2017",131.95,141.97,131.21,140.41,131974000,1980860000
monero,"Aug 30, 2017",133.84,135.83,124.06,132.38,106543000,2008790000
monero,"Aug 29, 2017",144.24,144.5,128.02,133.03,104869000,2163850000
monero,"Aug 28, 2017",130.76,154.58,129.06,145.4,216036000,1961250000
monero,"Aug 27, 2017",137.59,138.88,124.81,130.68,92742200,2057550000
monero,"Aug 26, 2017",107.46,148.36,105.28,138.05,301843000,1606920000
monero,"Aug 25, 2017",86.47,108.36,85.34,108.26,95835700,1293030000
monero,"Aug 24, 2017",90.35,93.77,79.35,86.29,70187100,1351030000
monero,"Aug 23, 2017",91.01,99.71,85.51,90.33,84961900,1360920000
monero,"Aug 22, 2017",77.99,95.51,72.53,91.16,150286000,1166240000
monero,"Aug 21, 2017",54.67,95.08,52.87,77.82,238775000,817490000
monero,"Aug 20, 2017",55.79,56.05,51.8,54.71,15702600,834239000
monero,"Aug 19, 2017",46.97,58.03,46.97,55.96,27038800,702398000
monero,"Aug 18, 2017",47.37,48.93,46.22,46.69,14517200,708081000
monero,"Aug 17, 2017",48.82,49.46,47.05,47.45,11176000,729528000
monero,"Aug 16, 2017",48.77,49.09,47.03,48.78,12423400,728672000
monero,"Aug 15, 2017",49.97,50.16,45.72,48.74,13651100,746257000
monero,"Aug 14, 2017",47.69,49.75,46.63,49.75,14023000,711941000
monero,"Aug 13, 2017",49.38,50.15,45.46,47.76,19587800,737066000
monero,"Aug 12, 2017",50.85,51.57,46.34,49.37,17349200,758739000
monero,"Aug 11, 2017",49.31,51.56,48.93,50.65,8534390,735446000
monero,"Aug 10, 2017",50.94,51.29,49.47,49.47,9147740,759514000
monero,"Aug 09, 2017",51.94,53.34,49.74,50.96,11466600,774178000
monero,"Aug 08, 2017",50.4,52.64,49.93,51.94,12471600,750929000
monero,"Aug 07, 2017",47.67,50.21,47.24,50.21,12794900,710052000
monero,"Aug 06, 2017",48.57,49.18,47.36,47.83,8254240,723258000
monero,"Aug 05, 2017",45.18,49.49,45.18,48.58,12131400,672541000
monero,"Aug 04, 2017",43.36,45.32,42.97,45.12,7794340,645208000
monero,"Aug 03, 2017",43.8,44.31,43.23,43.36,8262040,651543000
monero,"Aug 02, 2017",44.08,44.78,42.78,43.63,8111580,655515000
monero,"Aug 01, 2017",39.88,45.04,39.81,44.15,17363300,592886000
monero,"Jul 31, 2017",39.67,40.68,38.94,39.84,13138500,589540000
monero,"Jul 30, 2017",43.95,43.95,39.55,39.62,11709500,652927000
monero,"Jul 29, 2017",43.69,44.37,42.19,43.89,7053810,648884000
monero,"Jul 28, 2017",45.29,45.79,42.74,43.96,18694500,672368000
monero,"Jul 27, 2017",45.92,46.74,43.93,45.24,15960700,681502000
monero,"Jul 26, 2017",40.73,46.44,38.6,45.8,26033100,604269000
monero,"Jul 25, 2017",45.55,45.84,38.24,40.68,12706300,675620000
monero,"Jul 24, 2017",42.66,45.76,41.86,45.58,12102100,632493000
monero,"Jul 23, 2017",44.64,44.78,41.44,42.67,8634060,661581000
monero,"Jul 22, 2017",40.25,44.76,40.15,44.71,9028920,596297000
monero,"Jul 21, 2017",40.55,41.43,39.53,40.34,9572580,600573000
monero,"Jul 20, 2017",34.89,41.01,34.89,40.3,14905700,516643000
monero,"Jul 19, 2017",36.47,37.59,34.37,35.06,6994230,539762000
monero,"Jul 18, 2017",34.89,37.92,33.38,36.38,9949120,516217000
monero,"Jul 17, 2017",29.47,34.98,29.46,34.83,13708900,435925000
monero,"Jul 16, 2017",31.97,32.53,28.83,29.43,12434100,472681000
monero,"Jul 15, 2017",35.57,35.57,31.37,32.09,9718770,525794000
monero,"Jul 14, 2017",38.08,38.33,34.22,35.48,9558140,562680000
monero,"Jul 13, 2017",40.43,40.74,37.2,38.23,9969180,597277000
monero,"Jul 12, 2017",36.89,40.75,35.51,40.39,15785600,544765000
monero,"Jul 11, 2017",40.25,40.73,35.34,37.14,17988200,594108000
monero,"Jul 10, 2017",44.91,45.12,38.84,40.01,14633300,662645000
monero,"Jul 09, 2017",46.69,47.0,44.56,44.85,12681200,688769000
monero,"Jul 08, 2017",44.17,46.24,41.9,46.1,15801900,651286000
monero,"Jul 07, 2017",50.11,50.65,43.84,44.25,20324700,738662000
monero,"Jul 06, 2017",45.96,50.26,45.88,50.12,23168300,677244000
monero,"Jul 05, 2017",45.3,46.9,44.13,45.72,15243000,667353000
monero,"Jul 04, 2017",43.55,45.53,43.55,45.47,14850800,641305000
monero,"Jul 03, 2017",42.51,44.14,41.82,43.63,13141000,625802000
monero,"Jul 02, 2017",40.94,43.0,40.22,42.79,12774300,602361000
monero,"Jul 01, 2017",43.71,43.98,39.8,40.96,10673500,642898000
monero,"Jun 30, 2017",45.09,45.87,43.48,43.73,11338900,663056000
monero,"Jun 29, 2017",47.04,47.91,44.67,45.02,11470500,691512000
monero,"Jun 28, 2017",43.8,47.41,42.29,47.32,10812600,643627000
monero,"Jun 27, 2017",43.49,44.05,38.51,43.57,12171600,638919000
monero,"Jun 26, 2017",45.9,48.2,39.39,43.49,17033600,674032000
monero,"Jun 25, 2017",47.84,48.73,45.28,45.89,9156060,702334000
monero,"Jun 24, 2017",51.43,51.81,47.3,48.03,7786220,754764000
monero,"Jun 23, 2017",47.45,52.51,46.75,51.41,11033000,696116000
monero,"Jun 22, 2017",46.8,47.8,46.64,47.28,7443100,686351000
monero,"Jun 21, 2017",48.17,48.91,45.54,46.59,12133900,706159000
monero,"Jun 20, 2017",49.03,50.91,47.6,48.08,15178600,718495000
monero,"Jun 19, 2017",49.62,50.67,48.52,49.09,12502400,726891000
monero,"Jun 18, 2017",50.49,51.7,48.98,49.6,10122000,739370000
monero,"Jun 17, 2017",48.19,51.2,48.09,50.46,15646500,705427000
monero,"Jun 16, 2017",45.97,48.24,44.17,48.11,8711820,672698000
monero,"Jun 15, 2017",46.24,47.02,38.75,46.02,14252000,676380000
monero,"Jun 14, 2017",51.98,53.56,44.37,46.3,12407600,760132000
monero,"Jun 13, 2017",49.8,52.87,49.73,51.8,13362700,727975000
monero,"Jun 12, 2017",59.09,59.8,45.78,50.04,25425000,863418000
monero,"Jun 11, 2017",52.37,58.7,51.95,58.7,15485200,764939000
monero,"Jun 10, 2017",55.59,56.25,51.92,52.28,14465400,811671000
monero,"Jun 09, 2017",56.13,57.23,55.29,55.62,11941600,819313000
monero,"Jun 08, 2017",52.91,56.46,51.45,56.19,14708500,771963000
monero,"Jun 07, 2017",55.29,62.38,52.06,52.54,50623800,806489000
monero,"Jun 06, 2017",48.37,55.57,47.12,55.57,34918400,705243000
monero,"Jun 05, 2017",42.88,48.5,42.88,48.26,16780900,625055000
monero,"Jun 04, 2017",42.34,43.42,41.7,42.9,9805040,616914000
monero,"Jun 03, 2017",43.99,44.42,42.16,42.37,9819610,640642000
monero,"Jun 02, 2017",43.74,44.65,43.0,44.0,9539580,636754000
monero,"Jun 01, 2017",41.84,45.52,41.84,43.7,12849800,608922000
monero,"May 31, 2017",39.83,43.11,39.23,41.83,15027900,579429000
monero,"May 30, 2017",41.29,45.65,39.66,39.79,23048100,600461000
monero,"May 29, 2017",36.76,43.81,36.06,41.21,31360800,534431000
monero,"May 28, 2017",33.43,39.39,33.43,36.84,19020300,485858000
monero,"May 27, 2017",38.71,40.79,28.69,33.41,20990300,562314000
monero,"May 26, 2017",39.81,44.61,34.84,38.71,24735300,578017000
monero,"May 25, 2017",45.52,50.9,39.5,40.12,52485500,660745000
monero,"May 24, 2017",56.31,58.64,44.04,45.38,95915700,817013000
monero,"May 23, 2017",36.31,56.84,36.3,55.62,68629500,526642000
monero,"May 22, 2017",34.8,41.18,33.27,36.17,28469700,504584000
monero,"May 21, 2017",35.04,36.46,33.35,34.64,10952100,507841000
monero,"May 20, 2017",31.82,36.78,31.27,35.1,23733000,460963000
monero,"May 19, 2017",30.31,31.87,30.28,31.87,10692300,439025000
monero,"May 18, 2017",26.98,31.11,26.98,30.33,15586800,390685000
monero,"May 17, 2017",26.37,27.97,25.28,26.93,10576800,381592000
monero,"May 16, 2017",27.73,27.73,25.96,26.26,9801320,401220000
monero,"May 15, 2017",28.51,28.54,27.32,27.79,8160330,412305000
monero,"May 14, 2017",28.51,29.16,27.79,28.53,7419170,412198000
monero,"May 13, 2017",28.59,28.73,27.22,28.47,7213280,413130000
monero,"May 12, 2017",29.61,30.29,28.3,28.68,8023910,427789000
monero,"May 11, 2017",29.94,30.03,28.73,29.51,9288200,432298000
monero,"May 10, 2017",28.49,30.67,28.11,29.84,12732500,411189000
monero,"May 09, 2017",30.48,31.61,26.61,28.66,21083700,439752000
monero,"May 08, 2017",33.45,33.81,28.58,30.47,25549000,482431000
monero,"May 07, 2017",28.97,34.56,28.77,32.78,31328600,417648000
monero,"May 06, 2017",28.5,29.94,27.94,28.98,14355000,410681000
monero,"May 05, 2017",26.11,30.83,25.93,28.45,24376200,376183000
monero,"May 04, 2017",25.19,26.52,24.87,25.99,13585800,362797000
monero,"May 03, 2017",23.05,25.44,22.72,25.2,12602800,331818000
monero,"May 02, 2017",22.77,23.2,22.06,23.04,7486110,327660000
monero,"May 01, 2017",23.72,24.07,22.23,22.77,14214000,341171000
monero,"Apr 30, 2017",22.74,24.2,22.72,23.72,10910000,326962000
monero,"Apr 29, 2017",22.37,23.26,22.12,22.76,10461300,321539000
monero,"Apr 28, 2017",21.2,22.53,21.12,22.35,10457300,304527000
monero,"Apr 27, 2017",19.43,21.83,19.27,21.21,12843800,279099000
monero,"Apr 26, 2017",19.67,19.93,19.24,19.37,6027790,282326000
monero,"Apr 25, 2017",19.6,20.1,19.36,19.65,5148290,281316000
monero,"Apr 24, 2017",19.73,20.11,19.51,19.56,4584190,283007000
monero,"Apr 23, 2017",20.12,20.17,19.68,19.72,4155640,288495000
monero,"Apr 22, 2017",20.27,20.52,19.97,20.12,5266460,290548000
monero,"Apr 21, 2017",19.98,20.34,19.75,20.29,6704090,286297000
monero,"Apr 20, 2017",20.4,20.9,20.24,20.24,6216400,292149000
monero,"Apr 19, 2017",21.07,21.12,20.23,20.39,5877830,301594000
monero,"Apr 18, 2017",20.53,21.17,20.45,21.06,4459260,293752000
monero,"Apr 17, 2017",20.46,20.99,20.32,20.56,6055450,292659000
monero,"Apr 16, 2017",20.71,20.82,20.25,20.46,4222960,296093000
monero,"Apr 15, 2017",20.43,21.19,20.25,20.71,4483370,291985000
monero,"Apr 14, 2017",21.47,21.8,19.67,20.59,8949460,306779000
monero,"Apr 13, 2017",21.69,22.08,21.44,21.48,5980210,309846000
monero,"Apr 12, 2017",21.32,22.11,21.25,21.76,6401630,304441000
monero,"Apr 11, 2017",21.8,21.89,21.12,21.36,5356450,311171000
monero,"Apr 10, 2017",20.69,22.41,20.52,21.83,6591730,295155000
monero,"Apr 09, 2017",20.84,21.31,19.75,20.68,5711770,297207000
monero,"Apr 08, 2017",19.31,21.46,19.0,20.83,6218750,275199000
monero,"Apr 07, 2017",19.32,20.07,18.95,19.39,5499430,275287000
monero,"Apr 06, 2017",19.59,19.95,18.33,19.27,11553100,278971000
monero,"Apr 05, 2017",21.31,21.62,19.58,19.62,9188050,303396000
monero,"Apr 04, 2017",20.33,21.51,19.87,21.35,7062530,289275000
monero,"Apr 03, 2017",20.16,21.16,19.94,20.33,7080440,286817000
monero,"Apr 02, 2017",21.42,21.5,20.02,20.14,7427960,304574000
monero,"Apr 01, 2017",20.52,21.53,19.23,21.5,7622780,291737000
monero,"Mar 31, 2017",20.8,21.2,19.84,20.54,6955980,295489000
monero,"Mar 30, 2017",21.06,21.45,20.25,20.88,5993880,299146000
monero,"Mar 29, 2017",19.88,21.34,19.28,21.14,6704720,282266000
monero,"Mar 28, 2017",19.49,20.51,18.17,19.81,10061200,276545000
monero,"Mar 27, 2017",19.75,20.1,17.71,19.66,11887200,280203000
monero,"Mar 26, 2017",20.16,20.57,19.29,19.61,7408990,285884000
monero,"Mar 25, 2017",21.08,21.28,19.88,20.14,10858900,298839000
monero,"Mar 24, 2017",21.85,22.28,20.86,21.1,13807600,309519000
monero,"Mar 23, 2017",21.45,22.49,20.64,21.82,7419900,303834000
monero,"Mar 22, 2017",21.39,22.39,20.77,21.42,9699960,302815000
monero,"Mar 21, 2017",22.62,23.05,20.68,21.29,18555800,320139000
monero,"Mar 20, 2017",23.3,24.82,22.44,22.51,10860900,329623000
monero,"Mar 19, 2017",20.11,24.61,20.11,23.29,22162500,284253000
monero,"Mar 18, 2017",22.27,22.27,18.6,20.07,16830500,314731000
monero,"Mar 17, 2017",22.57,26.21,20.16,22.35,36529400,318778000
monero,"Mar 16, 2017",19.05,22.99,18.77,22.48,31673800,268957000
monero,"Mar 15, 2017",17.79,19.69,17.35,18.98,12265200,251092000
monero,"Mar 14, 2017",18.09,18.4,17.11,17.76,10072300,255287000
monero,"Mar 13, 2017",16.8,19.32,16.69,18.13,19566500,236958000
monero,"Mar 12, 2017",14.72,17.13,14.45,16.79,17931000,207508000
monero,"Mar 11, 2017",13.12,14.76,13.01,14.69,6499310,184883000
monero,"Mar 10, 2017",13.05,13.62,12.35,13.21,10802800,183864000
monero,"Mar 09, 2017",12.46,13.53,12.39,13.03,3489930,175497000
monero,"Mar 08, 2017",13.56,13.8,12.47,12.47,4244610,190803000
monero,"Mar 07, 2017",15.43,15.43,13.53,13.53,5928550,217011000
monero,"Mar 06, 2017",15.23,15.8,14.84,15.41,6913360,214098000
monero,"Mar 05, 2017",13.67,15.42,13.66,15.18,5455280,192123000
monero,"Mar 04, 2017",13.93,14.24,13.37,13.67,2239270,195774000
monero,"Mar 03, 2017",13.1,14.61,12.86,13.91,7926590,183919000
monero,"Mar 02, 2017",12.26,13.33,12.1,13.11,7161980,172124000
monero,"Mar 01, 2017",12.3,12.9,12.13,12.33,6449830,172621000
monero,"Feb 28, 2017",11.99,12.32,11.51,12.28,4316810,168185000
monero,"Feb 27, 2017",11.87,12.06,11.83,11.96,1343950,166428000
monero,"Feb 26, 2017",11.84,12.04,11.68,11.89,2039860,165867000
monero,"Feb 25, 2017",11.92,12.14,11.68,11.85,3102200,167003000
monero,"Feb 24, 2017",12.89,12.97,11.35,11.92,8707610,180492000
monero,"Feb 23, 2017",12.78,12.94,12.57,12.87,2875250,178859000
monero,"Feb 22, 2017",12.32,12.84,12.12,12.77,2486660,171785000
monero,"Feb 21, 2017",12.12,12.42,11.92,12.34,4476160,169036000
monero,"Feb 20, 2017",13.01,13.01,11.46,12.22,8429880,181531000
monero,"Feb 19, 2017",13.38,13.38,12.99,12.99,1663440,186681000
monero,"Feb 18, 2017",13.41,13.57,13.09,13.36,1871110,186995000
monero,"Feb 17, 2017",13.07,13.34,13.04,13.3,1711010,182332000
monero,"Feb 16, 2017",13.62,13.62,12.91,13.1,3256190,189926000
monero,"Feb 15, 2017",13.01,13.74,12.88,13.62,4811600,181497000
monero,"Feb 14, 2017",12.2,13.2,12.11,12.99,4166850,170135000
monero,"Feb 13, 2017",12.31,12.36,12.09,12.2,1687590,171557000
monero,"Feb 12, 2017",12.27,12.49,12.0,12.33,2154250,170839000
monero,"Feb 11, 2017",11.98,12.39,11.98,12.24,2190900,166808000
monero,"Feb 10, 2017",12.18,12.23,11.73,11.98,2472350,169520000
monero,"Feb 09, 2017",12.83,12.98,11.83,12.12,4268990,178405000
monero,"Feb 08, 2017",12.67,12.91,12.54,12.8,2124700,176193000
monero,"Feb 07, 2017",12.91,13.2,12.53,12.65,3523120,179398000
monero,"Feb 06, 2017",12.83,12.92,12.59,12.88,2124790,178164000
monero,"Feb 05, 2017",12.61,12.99,12.61,12.8,2054440,175095000
monero,"Feb 04, 2017",12.89,13.08,12.47,12.61,3475030,178965000
monero,"Feb 03, 2017",13.13,13.15,12.15,12.86,5732620,182089000
monero,"Feb 02, 2017",13.29,13.42,13.05,13.14,2841870,184201000
monero,"Feb 01, 2017",12.97,13.38,12.93,13.27,2715170,179699000
monero,"Jan 31, 2017",12.7,13.26,12.7,12.99,8919760,175986000
monero,"Jan 30, 2017",12.65,12.91,12.64,12.71,2171460,175164000
monero,"Jan 29, 2017",12.85,13.26,12.55,12.66,3027920,177874000
monero,"Jan 28, 2017",12.12,13.04,12.07,12.85,6585960,167743000
monero,"Jan 27, 2017",11.98,12.24,11.67,12.1,4346850,165604000
monero,"Jan 26, 2017",11.85,12.15,11.73,11.98,2172210,163778000
monero,"Jan 25, 2017",11.81,11.88,11.54,11.83,1897140,163221000
monero,"Jan 24, 2017",12.25,12.25,11.79,11.81,3121430,169206000
monero,"Jan 23, 2017",12.19,12.29,12.05,12.25,2414740,168236000
monero,"Jan 22, 2017",12.01,12.19,11.81,12.18,2588540,165727000
monero,"Jan 21, 2017",11.91,12.18,11.84,12.03,2878010,164256000
monero,"Jan 20, 2017",12.17,12.17,11.75,11.91,3768400,167736000
monero,"Jan 19, 2017",12.05,12.31,11.68,12.15,3546870,166091000
monero,"Jan 18, 2017",12.43,12.7,11.57,12.05,4232060,171153000
monero,"Jan 17, 2017",10.69,12.49,10.56,12.39,4403350,147101000
monero,"Jan 16, 2017",10.77,10.96,10.29,10.64,3507560,148169000
monero,"Jan 15, 2017",11.07,11.15,9.92,10.76,7417420,152277000
monero,"Jan 14, 2017",11.28,11.72,10.96,11.09,3439220,155007000
monero,"Jan 13, 2017",11.84,11.97,11.07,11.27,6063910,162603000
monero,"Jan 12, 2017",11.61,12.19,11.1,11.85,2923060,158831000
monero,"Jan 11, 2017",13.38,13.6,11.18,11.64,4338380,183143000
monero,"Jan 10, 2017",13.7,14.03,13.34,13.39,3943650,187430000
monero,"Jan 09, 2017",13.51,13.74,12.66,13.74,4649000,184874000
monero,"Jan 08, 2017",13.01,13.91,12.86,13.47,3741330,178079000
monero,"Jan 07, 2017",14.09,14.17,12.37,13.06,9904390,192770000
monero,"Jan 06, 2017",16.19,16.93,13.58,14.03,9256850,221476000
monero,"Jan 05, 2017",18.55,19.02,14.86,16.19,8528910,253879000
monero,"Jan 04, 2017",16.14,18.64,15.83,18.53,10179100,220820000
monero,"Jan 03, 2017",16.07,17.03,15.0,16.09,16381900,219693000
monero,"Jan 02, 2017",14.07,16.47,13.84,16.05,12171300,192331000
monero,"Jan 01, 2017",13.79,14.17,13.42,13.97,3923550,188431000
monero,"Dec 31, 2016",12.96,13.88,12.8,13.78,4421340,177027000
monero,"Dec 30, 2016",13.09,13.28,12.26,12.97,3491280,178684000
monero,"Dec 29, 2016",14.14,14.17,12.46,13.13,8200850,192960000
monero,"Dec 28, 2016",12.54,14.62,12.2,14.09,13579500,171000000
monero,"Dec 27, 2016",10.27,13.05,10.25,12.69,10888000,139913000
monero,"Dec 26, 2016",9.72,10.29,9.7,10.27,2243850,132352000
monero,"Dec 25, 2016",9.65,9.8,9.49,9.73,2456860,131445000
monero,"Dec 24, 2016",9.61,9.77,9.48,9.65,1553340,130752000
monero,"Dec 23, 2016",8.89,9.79,8.89,9.55,4014090,120963000
monero,"Dec 22, 2016",8.3,9.49,8.3,8.9,4342540,112882000
monero,"Dec 21, 2016",8.45,8.62,8.26,8.28,2788170,114871000
monero,"Dec 20, 2016",8.63,8.7,8.39,8.43,2093870,117248000
monero,"Dec 19, 2016",8.6,8.77,8.39,8.63,1948360,116756000
monero,"Dec 18, 2016",8.33,8.83,8.31,8.61,2073320,113063000
monero,"Dec 17, 2016",8.48,8.53,8.25,8.32,1046610,115014000
monero,"Dec 16, 2016",8.43,8.54,8.39,8.51,960469,114291000
monero,"Dec 15, 2016",8.43,8.55,8.26,8.42,1224190,114274000
monero,"Dec 14, 2016",8.23,8.59,8.11,8.41,3268750,111468000
monero,"Dec 13, 2016",8.07,8.14,7.97,8.11,892392,109172000
monero,"Dec 12, 2016",7.91,8.06,7.83,8.05,1037600,106974000
monero,"Dec 11, 2016",7.77,8.09,7.74,7.91,1511400,105063000
monero,"Dec 10, 2016",7.95,8.03,7.67,7.78,954105,107380000
monero,"Dec 09, 2016",7.8,8.07,7.79,7.95,1230840,105361000
monero,"Dec 08, 2016",7.87,8.03,7.73,7.79,1391520,106218000
monero,"Dec 07, 2016",7.54,8.01,7.32,7.89,1800020,101729000
monero,"Dec 06, 2016",7.91,7.96,7.16,7.54,3566450,106599000
monero,"Dec 05, 2016",7.83,8.15,7.68,7.91,2413870,105539000
monero,"Dec 04, 2016",8.26,8.42,7.8,7.8,2491800,111297000
monero,"Dec 03, 2016",8.21,8.56,8.09,8.27,2100120,110596000
monero,"Dec 02, 2016",8.5,8.5,7.92,8.23,6249910,114407000
monero,"Dec 01, 2016",8.93,9.13,8.36,8.58,5605070,120142000
monero,"Nov 30, 2016",7.63,9.31,7.21,8.95,11077200,102540000
monero,"Nov 29, 2016",7.91,7.99,7.48,7.6,2468920,106266000
monero,"Nov 28, 2016",7.92,8.08,7.78,7.89,1931140,106354000
monero,"Nov 27, 2016",7.63,8.12,7.59,7.93,2604180,102503000
monero,"Nov 26, 2016",7.55,7.81,7.4,7.62,1632680,101260000
monero,"Nov 25, 2016",7.79,7.8,7.33,7.54,2450680,104451000
monero,"Nov 24, 2016",7.94,8.37,7.58,7.81,5756150,106374000
monero,"Nov 23, 2016",7.66,8.11,7.56,7.91,4170450,102688000
monero,"Nov 22, 2016",6.81,8.24,6.78,7.69,9996320,91147700
monero,"Nov 21, 2016",6.58,6.88,6.56,6.8,1586190,88051400
monero,"Nov 20, 2016",6.56,6.88,6.43,6.58,3534630,87683700
monero,"Nov 19, 2016",6.72,6.86,6.46,6.55,2490080,89815300
monero,"Nov 18, 2016",6.77,7.1,6.53,6.72,3854500,90440300
monero,"Nov 17, 2016",6.55,6.97,6.22,6.79,4696950,87494100
monero,"Nov 16, 2016",7.34,7.47,6.12,6.58,9338200,98031100
monero,"Nov 15, 2016",7.74,7.92,7.2,7.3,3711090,103302000
monero,"Nov 14, 2016",7.11,8.13,7.09,7.71,5270540,94853000
monero,"Nov 13, 2016",7.42,8.11,6.97,7.1,8454760,98823800
monero,"Nov 12, 2016",6.82,7.68,6.63,7.44,7239650,90900300
monero,"Nov 11, 2016",6.15,6.98,5.89,6.78,4256380,81900600
monero,"Nov 10, 2016",6.19,6.48,6.01,6.1,3175600,82319000
monero,"Nov 09, 2016",6.31,6.54,5.58,6.19,8149530,83854100
monero,"Nov 08, 2016",5.77,6.82,5.72,6.32,9416390,76635700
monero,"Nov 07, 2016",4.97,5.85,4.92,5.74,3690120,65964200
monero,"Nov 06, 2016",4.98,5.03,4.88,4.97,666680,66184500
monero,"Nov 05, 2016",4.83,5.02,4.82,5.02,602968,64117100
monero,"Nov 04, 2016",4.86,5.12,4.7,4.85,2611470,64488800
monero,"Nov 03, 2016",4.54,5.27,4.51,4.89,4438690,60240900
monero,"Nov 02, 2016",4.73,5.01,4.38,4.51,2473050,62649500
monero,"Nov 01, 2016",5.1,5.24,4.56,4.71,3841800,67571600
monero,"Oct 31, 2016",5.54,5.61,4.84,5.12,3111700,73317000
monero,"Oct 30, 2016",5.14,5.7,4.81,5.57,5648010,68011700
monero,"Oct 29, 2016",5.72,5.84,4.28,5.14,10900200,75631700
monero,"Oct 28, 2016",6.22,6.35,5.63,5.73,3034820,82158200
monero,"Oct 27, 2016",6.17,6.38,5.99,6.21,2043670,81425600
monero,"Oct 26, 2016",6.09,6.21,5.82,6.17,1630120,80429200
monero,"Oct 25, 2016",6.42,6.43,5.77,6.09,2973160,84707300
monero,"Oct 24, 2016",6.51,6.61,6.41,6.42,628370,85860100
monero,"Oct 23, 2016",6.52,6.69,6.45,6.51,561283,85978900
monero,"Oct 22, 2016",6.79,6.81,6.24,6.52,2274680,89371800
monero,"Oct 21, 2016",6.59,6.91,6.43,6.78,1960270,86682400
monero,"Oct 20, 2016",6.63,7.2,6.48,6.56,2510020,87199300
monero,"Oct 19, 2016",6.57,7.13,6.49,6.62,2304340,86328800
monero,"Oct 18, 2016",6.29,6.79,6.08,6.57,2342430,82636300
monero,"Oct 17, 2016",6.39,6.41,5.7,6.28,3659990,83992100
monero,"Oct 16, 2016",6.57,6.63,6.12,6.38,2548440,86233800
monero,"Oct 15, 2016",6.92,6.93,6.45,6.56,1709700,90768800
monero,"Oct 14, 2016",6.94,7.18,6.83,6.92,1682900,90958000
monero,"Oct 13, 2016",7.28,7.31,6.78,6.91,2079340,95353000
monero,"Oct 12, 2016",7.28,7.62,7.17,7.31,2034800,95343700
monero,"Oct 11, 2016",6.92,7.74,6.6,7.28,5966020,90612500
monero,"Oct 10, 2016",7.56,7.59,6.78,6.94,3179780,98958700
monero,"Oct 09, 2016",6.9,7.69,6.89,7.48,2820040,90201300
monero,"Oct 08, 2016",6.89,7.18,6.62,6.88,1795650,90046400
monero,"Oct 07, 2016",7.19,7.67,6.56,6.89,4458730,93848400
monero,"Oct 06, 2016",6.71,7.29,6.37,7.18,4738590,87617200
monero,"Oct 05, 2016",7.66,7.66,6.13,6.76,9101390,99903600
monero,"Oct 04, 2016",7.95,8.12,7.45,7.65,2425600,103654000
monero,"Oct 03, 2016",8.31,8.55,7.82,7.95,3249380,108330000
monero,"Oct 02, 2016",7.33,8.48,7.32,8.3,4709360,95507100
monero,"Oct 01, 2016",8.42,8.42,7.17,7.36,8319930,109642000
monero,"Sep 30, 2016",8.65,8.66,7.99,8.41,5300920,112519000
monero,"Sep 29, 2016",9.4,9.41,8.32,8.71,5237580,122202000
monero,"Sep 28, 2016",9.33,9.5,9.19,9.4,1900470,121268000
monero,"Sep 27, 2016",9.36,9.6,9.18,9.31,2349090,121546000
monero,"Sep 26, 2016",10.25,10.36,9.14,9.4,7477270,133099000
monero,"Sep 25, 2016",10.62,10.7,10.19,10.24,2085390,137720000
monero,"Sep 24, 2016",10.8,11.03,10.63,10.63,1720410,139964000
monero,"Sep 23, 2016",10.12,11.01,10.03,10.77,3564780,131137000
monero,"Sep 22, 2016",9.96,10.59,9.96,10.16,3966670,129022000
monero,"Sep 21, 2016",11.25,11.25,9.78,9.92,6586410,145554000
monero,"Sep 20, 2016",10.54,11.69,10.32,11.15,11094000,136312000
monero,"Sep 19, 2016",9.45,10.85,9.07,10.56,8092940,122199000
monero,"Sep 18, 2016",9.69,9.78,9.25,9.45,2709710,125247000
monero,"Sep 17, 2016",8.88,9.82,8.82,9.68,4720550,114672000
monero,"Sep 16, 2016",9.5,9.83,8.75,8.91,7175750,122577000
monero,"Sep 15, 2016",10.53,10.53,9.33,9.41,7678600,135811000
monero,"Sep 14, 2016",10.96,10.96,10.31,10.51,5468580,141326000
monero,"Sep 13, 2016",10.26,11.36,9.85,10.88,14308800,132131000
monero,"Sep 12, 2016",10.66,11.01,9.97,10.03,12411600,137198000
monero,"Sep 11, 2016",12.26,12.41,10.53,10.69,15781800,157714000
monero,"Sep 10, 2016",12.33,12.58,11.98,12.23,7990970,158606000
monero,"Sep 09, 2016",12.71,13.63,12.08,12.43,14523800,163301000
monero,"Sep 08, 2016",11.91,13.0,11.54,12.74,18100000,152961000
monero,"Sep 07, 2016",12.44,12.88,11.1,11.83,20446100,159649000
monero,"Sep 06, 2016",13.84,14.19,11.99,12.46,25356900,177509000
monero,"Sep 05, 2016",13.57,14.26,12.58,13.96,24043200,173999000
monero,"Sep 04, 2016",11.13,13.87,10.41,13.39,31169900,142653000
monero,"Sep 03, 2016",10.19,15.04,9.9,10.59,66593800,130422000
monero,"Sep 02, 2016",7.97,10.61,7.82,10.21,27999500,102027000
monero,"Sep 01, 2016",8.52,8.84,7.85,8.0,12152000,108975000
monero,"Aug 31, 2016",8.51,8.86,7.49,8.58,20057400,108774000
monero,"Aug 30, 2016",8.49,9.17,7.95,8.49,15534600,108444000
monero,"Aug 29, 2016",9.35,10.69,8.07,8.5,46191400,119391000
monero,"Aug 28, 2016",5.3,9.51,5.09,9.51,49325800,67611100
monero,"Aug 27, 2016",4.25,5.3,4.21,5.3,8004280,54133400
monero,"Aug 26, 2016",4.13,4.62,4.09,4.18,6023340,52650700
monero,"Aug 25, 2016",4.46,4.51,3.73,4.15,7337870,56851200
monero,"Aug 24, 2016",4.66,5.07,4.36,4.42,6796020,59342000
monero,"Aug 23, 2016",4.03,5.32,4.0,4.72,21058200,51189700
monero,"Aug 22, 2016",2.53,5.23,2.53,3.99,18149400,32141200
monero,"Aug 21, 2016",2.44,2.6,2.4,2.54,790717,30968100
monero,"Aug 20, 2016",2.3,2.55,2.28,2.44,1869560,29221300
monero,"Aug 19, 2016",2.19,2.34,2.18,2.3,313760,27739300
monero,"Aug 18, 2016",2.24,2.26,2.15,2.19,381203,28372900
monero,"Aug 17, 2016",2.2,2.29,2.13,2.24,449444,27893300
monero,"Aug 16, 2016",2.18,2.27,2.08,2.2,760398,27615300
monero,"Aug 15, 2016",2.01,2.2,1.98,2.18,849798,25383800
monero,"Aug 14, 2016",1.98,2.09,1.88,2.01,396280,25091800
monero,"Aug 13, 2016",1.95,2.02,1.93,1.98,123245,24686400
monero,"Aug 12, 2016",1.98,1.99,1.89,1.95,122922,24956600
monero,"Aug 11, 2016",2.02,2.05,1.9,1.98,129604,25436700
monero,"Aug 10, 2016",2.05,2.05,1.95,2.01,210706,25834000
monero,"Aug 09, 2016",1.9,2.05,1.89,2.05,245059,23990400
monero,"Aug 08, 2016",1.9,1.99,1.84,1.9,199176,23901200
monero,"Aug 07, 2016",1.88,2.0,1.8,1.9,268531,23712300
monero,"Aug 06, 2016",1.79,1.93,1.74,1.88,268046,22548300
monero,"Aug 05, 2016",1.85,1.86,1.77,1.79,134743,23238600
monero,"Aug 04, 2016",1.57,1.9,1.57,1.85,497557,19787700
monero,"Aug 03, 2016",1.49,1.65,1.47,1.57,190375,18765200
monero,"Aug 02, 2016",1.7,1.74,1.43,1.49,303492,21299600
monero,"Aug 01, 2016",1.82,1.83,1.69,1.7,170108,22827700
monero,"Jul 31, 2016",1.91,1.94,1.8,1.82,147277,23977300
monero,"Jul 30, 2016",1.91,1.94,1.87,1.91,71012,23864700
monero,"Jul 29, 2016",1.85,1.95,1.82,1.89,106495,23201700
monero,"Jul 28, 2016",1.94,1.95,1.83,1.85,190937,24317300
monero,"Jul 27, 2016",1.83,1.95,1.76,1.94,257870,22861700
monero,"Jul 26, 2016",1.85,1.86,1.7,1.83,268872,23060800
monero,"Jul 25, 2016",1.86,1.89,1.82,1.85,94316,23229400
monero,"Jul 24, 2016",1.9,1.94,1.83,1.88,161485,23663800
monero,"Jul 23, 2016",1.83,1.91,1.81,1.89,132721,22802400
monero,"Jul 22, 2016",1.73,1.85,1.72,1.83,183573,21524900
monero,"Jul 21, 2016",1.77,1.81,1.72,1.74,143002,22060100
monero,"Jul 20, 2016",1.9,1.93,1.73,1.76,368224,23690500
monero,"Jul 19, 2016",1.95,1.96,1.85,1.9,206251,24268200
monero,"Jul 18, 2016",1.99,2.02,1.94,1.95,108747,24730000
monero,"Jul 17, 2016",1.98,2.01,1.95,1.99,167463,24567700
monero,"Jul 16, 2016",2.0,2.02,1.97,1.98,69994,24821700
monero,"Jul 15, 2016",2.01,2.03,1.94,1.99,189098,24905300
monero,"Jul 14, 2016",1.94,2.03,1.93,2.01,172552,24010100
monero,"Jul 13, 2016",1.98,2.0,1.9,1.93,294296,24510200
monero,"Jul 12, 2016",1.98,2.08,1.95,1.99,347642,24548500
monero,"Jul 11, 2016",1.91,2.03,1.89,1.98,213005,23651500
monero,"Jul 10, 2016",1.96,1.96,1.86,1.91,224404,24175800
monero,"Jul 09, 2016",1.99,1.99,1.84,1.96,307833,24528700
monero,"Jul 08, 2016",1.9,2.02,1.86,1.98,433750,23471600
monero,"Jul 07, 2016",1.94,2.11,1.82,1.9,1565910,23934100
monero,"Jul 06, 2016",1.73,1.98,1.72,1.94,510090,21273100
monero,"Jul 05, 2016",1.71,1.74,1.64,1.73,154989,21078100
monero,"Jul 04, 2016",1.7,1.8,1.66,1.71,151474,20912300
monero,"Jul 03, 2016",1.75,1.85,1.7,1.7,326072,21541800
monero,"Jul 02, 2016",1.66,1.79,1.64,1.75,228270,20444700
monero,"Jul 01, 2016",1.59,1.7,1.58,1.66,148728,19525900
monero,"Jun 30, 2016",1.54,1.61,1.5,1.61,232728,18945900
monero,"Jun 29, 2016",1.49,1.6,1.46,1.55,314944,18335500
monero,"Jun 28, 2016",1.48,1.51,1.43,1.49,173566,18129100
monero,"Jun 27, 2016",1.48,1.49,1.38,1.48,184373,18138600
monero,"Jun 26, 2016",1.56,1.61,1.46,1.48,75189,19071300
monero,"Jun 25, 2016",1.58,1.65,1.51,1.55,168083,19305300
monero,"Jun 24, 2016",1.56,1.66,1.52,1.59,241911,19077300
monero,"Jun 23, 2016",1.49,1.57,1.4,1.56,198638,18208400
monero,"Jun 22, 2016",1.61,1.72,1.49,1.5,376492,19621200
monero,"Jun 21, 2016",1.83,1.87,1.56,1.61,543359,22278200
monero,"Jun 20, 2016",1.86,1.91,1.72,1.83,570846,22717200
monero,"Jun 19, 2016",2.03,2.06,1.81,1.87,663871,24740500
monero,"Jun 18, 2016",1.77,2.34,1.77,2.01,2663250,21492400
monero,"Jun 17, 2016",1.57,1.79,1.48,1.75,643511,19121000
monero,"Jun 16, 2016",1.47,1.63,1.43,1.58,349747,17829600
monero,"Jun 15, 2016",1.37,1.5,1.33,1.46,334636,16664500
monero,"Jun 14, 2016",1.28,1.41,1.24,1.39,268605,15568200
monero,"Jun 13, 2016",1.25,1.37,1.25,1.28,276844,15197600
monero,"Jun 12, 2016",1.14,1.28,1.11,1.25,285841,13806400
monero,"Jun 11, 2016",1.14,1.18,1.12,1.14,207863,13832200
monero,"Jun 10, 2016",1.11,1.19,1.08,1.15,267163,13495300
monero,"Jun 09, 2016",0.9944719999999999,1.22,0.9899950000000001,1.11,483161,12029500
monero,"Jun 08, 2016",1.01,1.02,0.9714870000000001,0.9999520000000001,70837,12232100
monero,"Jun 07, 2016",1.0,1.01,0.9587760000000001,1.01,86376,12082300
monero,"Jun 06, 2016",1.01,1.05,0.9871629999999999,1.01,89836,12135000
monero,"Jun 05, 2016",0.973615,1.01,0.960302,1.0,87680,11742600
monero,"Jun 04, 2016",0.9409139999999999,0.991519,0.9404379999999999,0.974353,91404,11340400
monero,"Jun 03, 2016",0.926588,0.958702,0.9240809999999999,0.9452020000000001,74145,11159300
monero,"Jun 02, 2016",0.913437,0.933852,0.907306,0.92668,39987,10992500
monero,"Jun 01, 2016",0.9341659999999999,0.9504540000000001,0.873635,0.9148709999999999,105338,11234300
monero,"May 31, 2016",0.909725,0.969137,0.9015129999999999,0.928747,156718,10932000
monero,"May 30, 2016",0.8805280000000001,0.9190459999999999,0.876059,0.910537,66482,10573600
monero,"May 29, 2016",0.9283110000000001,0.956759,0.856513,0.881719,188141,11139000
monero,"May 28, 2016",0.861864,0.9214549999999999,0.846382,0.919737,174774,10333800
monero,"May 27, 2016",0.860189,0.8744430000000001,0.8305950000000001,0.8590909999999999,151612,10306700
monero,"May 26, 2016",0.865867,0.9090600000000001,0.8424389999999999,0.860175,100025,10366800
monero,"May 25, 2016",0.8992389999999999,0.9180870000000001,0.8649969999999999,0.8658870000000001,87610,10758600
monero,"May 24, 2016",0.9144709999999999,0.992032,0.901127,0.901127,220308,10932800
monero,"May 23, 2016",0.9385190000000001,0.9596600000000001,0.904732,0.9147299999999999,120334,11125300
monero,"May 22, 2016",0.9753370000000001,0.985725,0.920184,0.9387639999999999,194865,11561800
monero,"May 21, 2016",0.940434,1.0,0.9343020000000001,0.975433,115767,11148000
monero,"May 20, 2016",0.8587809999999999,0.986409,0.8521280000000001,0.9422219999999999,314964,10180100
monero,"May 19, 2016",0.840467,0.868031,0.8288030000000001,0.8535950000000001,139069,9963010
monero,"May 18, 2016",0.813099,0.8782059999999999,0.8006270000000001,0.840542,214210,9638580
monero,"May 17, 2016",0.818318,0.8540000000000001,0.806392,0.813343,125123,9700450
monero,"May 16, 2016",0.826412,0.850339,0.8060729999999999,0.8183560000000001,107300,9796400
monero,"May 15, 2016",0.8386440000000001,0.8569030000000001,0.80674,0.823823,56531,9941400
monero,"May 14, 2016",0.847938,0.859677,0.8246629999999999,0.8388950000000001,27725,10051600
monero,"May 13, 2016",0.8757389999999999,0.8833280000000001,0.841779,0.8477629999999999,66386,10381100
monero,"May 12, 2016",0.8598540000000001,0.887074,0.844275,0.875668,88976,10187100
monero,"May 11, 2016",0.828834,0.869361,0.82739,0.8597100000000001,51107,9812260
monero,"May 10, 2016",0.825951,0.875618,0.812145,0.829463,134752,9770550
monero,"May 09, 2016",0.848722,0.867028,0.8142149999999999,0.825393,91542,10032500
monero,"May 08, 2016",0.880503,0.897977,0.8353459999999999,0.8505860000000001,76975,10400200
monero,"May 07, 2016",0.877036,0.884583,0.832369,0.880058,110546,10350800
monero,"May 06, 2016",0.9069940000000001,0.91905,0.868383,0.877466,71046,10696600
monero,"May 05, 2016",0.9164479999999999,0.922198,0.8794799999999999,0.906841,76568,10799800
monero,"May 04, 2016",0.91748,0.950575,0.8998440000000001,0.9164549999999999,102053,10803000
monero,"May 03, 2016",0.963722,0.9774790000000001,0.9082370000000001,0.9082370000000001,103842,11338900
monero,"May 02, 2016",0.911209,1.0,0.895719,0.9643950000000001,212997,10712600
monero,"May 01, 2016",0.916798,0.945897,0.894976,0.914293,64193,10770300
monero,"Apr 30, 2016",0.8834639999999999,0.970719,0.8834639999999999,0.916537,127183,10370200
monero,"Apr 29, 2016",0.9046870000000001,0.9341219999999999,0.8726719999999999,0.883684,101368,10610600
monero,"Apr 28, 2016",0.943459,0.953414,0.882325,0.9047940000000001,98147,11056500
monero,"Apr 27, 2016",0.894009,0.97624,0.860762,0.9415309999999999,300067,10469100
monero,"Apr 26, 2016",0.9622780000000001,0.995101,0.84477,0.884295,339835,11259900
monero,"Apr 25, 2016",1.02,1.04,0.942687,0.953362,209133,11946300
monero,"Apr 24, 2016",1.03,1.04,0.9872569999999999,1.01,117386,12074100
monero,"Apr 23, 2016",0.977764,1.05,0.977764,1.04,111624,11414300
monero,"Apr 22, 2016",0.9684299999999999,1.01,0.951049,0.9804290000000001,142996,11296200
monero,"Apr 21, 2016",1.06,1.07,0.9461870000000001,0.977233,217840,12296600
monero,"Apr 20, 2016",1.11,1.12,1.0,1.06,317076,12979400
monero,"Apr 19, 2016",1.11,1.16,1.1,1.11,279257,12966100
monero,"Apr 18, 2016",1.04,1.12,1.02,1.11,294792,12039000
monero,"Apr 17, 2016",0.978342,1.08,0.969814,1.04,306365,11365600
monero,"Apr 16, 2016",0.9904959999999999,0.9973989999999999,0.9474299999999999,0.977983,111910,11497200
monero,"Apr 15, 2016",1.01,1.02,0.954306,0.990145,366008,11676400
monero,"Apr 14, 2016",1.03,1.06,0.976168,1.01,199039,11927900
monero,"Apr 13, 2016",0.944542,1.07,0.922155,1.03,411783,10937600
monero,"Apr 12, 2016",1.02,1.03,0.8756780000000001,0.9559860000000001,607158,11826700
monero,"Apr 11, 2016",1.12,1.13,0.9860459999999999,1.02,307904,12947200
monero,"Apr 10, 2016",1.14,1.17,0.921744,1.1,1270300,13205500
monero,"Apr 09, 2016",1.26,1.37,1.13,1.13,937009,14502600
monero,"Apr 08, 2016",1.51,1.54,1.14,1.24,535958,17391700
monero,"Apr 07, 2016",1.51,1.57,1.5,1.5,293003,17377700
monero,"Apr 06, 2016",1.52,1.57,1.46,1.51,253803,17481400
monero,"Apr 05, 2016",1.58,1.58,1.45,1.52,404485,18159400
monero,"Apr 04, 2016",1.55,1.6,1.5,1.6,296207,17833100
monero,"Apr 03, 2016",1.53,1.58,1.48,1.54,255047,17571800
monero,"Apr 02, 2016",1.46,1.57,1.46,1.55,438901,16776400
monero,"Apr 01, 2016",1.41,1.48,1.41,1.46,353597,16163900
monero,"Mar 31, 2016",1.44,1.46,1.39,1.4,197875,16467000
monero,"Mar 30, 2016",1.48,1.52,1.41,1.45,324062,16984700
monero,"Mar 29, 2016",1.49,1.53,1.46,1.49,324528,17031100
monero,"Mar 28, 2016",1.53,1.56,1.4,1.49,591183,17537000
monero,"Mar 27, 2016",1.69,1.72,1.43,1.53,981701,19298200
monero,"Mar 26, 2016",1.6,1.73,1.58,1.7,505566,18282700
monero,"Mar 25, 2016",1.69,1.75,1.58,1.6,742739,19285200
monero,"Mar 24, 2016",1.45,1.73,1.39,1.7,1231660,16565500
monero,"Mar 23, 2016",1.35,1.46,1.34,1.45,439967,15365800
monero,"Mar 22, 2016",1.48,1.53,1.34,1.39,601296,16789700
monero,"Mar 21, 2016",1.52,1.54,1.36,1.49,819654,17283300
monero,"Mar 20, 2016",1.2,1.53,1.2,1.52,979776,13655000
monero,"Mar 19, 2016",1.15,1.26,1.13,1.21,273033,13006700
monero,"Mar 18, 2016",1.31,1.33,1.11,1.15,408786,14849600
monero,"Mar 17, 2016",1.15,1.34,1.05,1.3,510610,12979400
monero,"Mar 16, 2016",1.14,1.2,1.12,1.15,156281,12879300
monero,"Mar 15, 2016",1.12,1.18,1.1,1.14,221688,12636200
monero,"Mar 14, 2016",1.24,1.24,1.11,1.12,195842,13996400
monero,"Mar 13, 2016",1.15,1.25,1.13,1.24,276132,13009500
monero,"Mar 12, 2016",1.1,1.19,1.06,1.15,332215,12375400
monero,"Mar 11, 2016",1.1,1.14,1.08,1.1,134947,12350800
monero,"Mar 10, 2016",1.25,1.31,1.07,1.09,437740,14035500
monero,"Mar 09, 2016",1.19,1.32,1.1,1.24,826080,13340700
monero,"Mar 08, 2016",1.08,1.19,1.02,1.19,339627,12128800
monero,"Mar 07, 2016",1.21,1.22,0.99992,1.07,514730,13540700
monero,"Mar 06, 2016",1.2,1.26,1.05,1.2,912620,13405300
monero,"Mar 05, 2016",1.1,1.37,1.1,1.2,1150340,12335200
monero,"Mar 04, 2016",1.09,1.25,1.04,1.1,822636,12255400
monero,"Mar 03, 2016",0.823845,1.14,0.81797,1.09,782236,9215560
monero,"Mar 02, 2016",0.8463959999999999,0.869524,0.8206690000000001,0.827633,127689,9459500
monero,"Mar 01, 2016",0.870027,0.8896209999999999,0.8195319999999999,0.8479959999999999,204620,9715260
monero,"Feb 29, 2016",0.8702709999999999,0.8905049999999999,0.848024,0.870503,136190,9709570
monero,"Feb 28, 2016",0.828838,0.888928,0.803117,0.8704850000000001,145400,9239080
monero,"Feb 27, 2016",0.8203870000000001,0.8596940000000001,0.806601,0.8297,101882,9136830
monero,"Feb 26, 2016",0.806193,0.8244610000000001,0.791316,0.813595,75396,8971020
monero,"Feb 25, 2016",0.806463,0.887144,0.784579,0.806427,234953,8966000
monero,"Feb 24, 2016",0.757318,0.801767,0.74625,0.801251,121771,8412300
monero,"Feb 23, 2016",0.7802279999999999,0.794417,0.733614,0.756528,81027,8659060
monero,"Feb 22, 2016",0.77964,0.826471,0.757781,0.77803,131583,8644680
monero,"Feb 21, 2016",0.8222790000000001,0.8314790000000001,0.739073,0.782148,180109,9108810
monero,"Feb 20, 2016",0.8285110000000001,0.883552,0.788912,0.824465,308919,9170240
monero,"Feb 19, 2016",0.7749149999999999,0.85219,0.7317229999999999,0.819088,199937,8569200
monero,"Feb 18, 2016",0.732115,0.793629,0.6934140000000001,0.774533,220495,8088710
monero,"Feb 17, 2016",0.952018,0.954261,0.711905,0.733156,623116,10508400
monero,"Feb 16, 2016",0.7918689999999999,1.0,0.770798,0.935744,846371,8732960
monero,"Feb 15, 2016",0.826702,0.851612,0.738173,0.791647,450366,9108640
monero,"Feb 14, 2016",0.8051520000000001,0.8525969999999999,0.680174,0.846403,564309,8863020
monero,"Feb 13, 2016",0.60533,0.9038069999999999,0.603464,0.804311,1044850,6657360
monero,"Feb 12, 2016",0.517753,0.617738,0.510167,0.612499,173507,5688740
monero,"Feb 11, 2016",0.479195,0.5956560000000001,0.47721199999999997,0.5163810000000001,227183,5260650
monero,"Feb 10, 2016",0.464797,0.48399200000000003,0.45657200000000003,0.48042399999999996,52572,5097630
monero,"Feb 09, 2016",0.481638,0.48441300000000004,0.463913,0.46485,39705,5277410
monero,"Feb 08, 2016",0.478246,0.502676,0.478246,0.48163599999999995,30834,5235370
monero,"Feb 07, 2016",0.48419399999999996,0.504286,0.471624,0.47940699999999997,53520,5295570
monero,"Feb 06, 2016",0.49366000000000004,0.494883,0.469674,0.480421,35794,5394270
monero,"Feb 05, 2016",0.506717,0.513125,0.484886,0.49635200000000007,49762,5531990
monero,"Feb 04, 2016",0.49489099999999997,0.518876,0.49194499999999997,0.5071640000000001,31220,5397650
monero,"Feb 03, 2016",0.501236,0.50154,0.486799,0.49197399999999997,26092,5461780
monero,"Feb 02, 2016",0.5032760000000001,0.507891,0.49111400000000005,0.501037,20583,5479010
monero,"Feb 01, 2016",0.48653199999999996,0.508789,0.483038,0.497962,42354,5291940
monero,"Jan 31, 2016",0.511871,0.5188560000000001,0.482378,0.483429,43787,5562150
monero,"Jan 30, 2016",0.516054,0.522529,0.487912,0.511528,40357,5602610
monero,"Jan 29, 2016",0.5649689999999999,0.5649689999999999,0.48485900000000004,0.51825,82072,6127640
monero,"Jan 28, 2016",0.610622,0.627402,0.559235,0.563129,50054,6616930
monero,"Jan 27, 2016",0.584655,0.622019,0.565625,0.61087,122466,6329330
monero,"Jan 26, 2016",0.582868,0.644975,0.573788,0.584982,85768,6303850
monero,"Jan 25, 2016",0.626776,0.626776,0.563546,0.581354,74134,6772480
monero,"Jan 24, 2016",0.6164069999999999,0.651889,0.590431,0.62205,145260,6653740
monero,"Jan 23, 2016",0.536673,0.649985,0.515369,0.61602,187212,5787340
monero,"Jan 22, 2016",0.551754,0.55505,0.511548,0.536995,66462,5944340
monero,"Jan 21, 2016",0.531672,0.57239,0.5193369999999999,0.549362,65915,5722620
monero,"Jan 20, 2016",0.543377,0.572267,0.515125,0.535095,120678,5842690
monero,"Jan 19, 2016",0.505234,0.547589,0.49994099999999997,0.545904,91400,5427510
monero,"Jan 18, 2016",0.447013,0.508079,0.444039,0.502346,65860,4797500
monero,"Jan 17, 2016",0.49913900000000005,0.5090399999999999,0.43554499999999996,0.45077399999999995,61136,5351640
monero,"Jan 16, 2016",0.426969,0.501106,0.42661400000000005,0.49666800000000005,38893,4573430
monero,"Jan 15, 2016",0.48567299999999997,0.48976400000000003,0.42845600000000006,0.42845600000000006,43534,5197330
monero,"Jan 14, 2016",0.48514399999999996,0.496792,0.473786,0.486483,34524,5186490
monero,"Jan 13, 2016",0.48582200000000003,0.48903900000000006,0.456484,0.48430200000000007,43051,5188720
monero,"Jan 12, 2016",0.481367,0.508041,0.470785,0.490113,51116,5135940
monero,"Jan 11, 2016",0.49136499999999994,0.49766400000000005,0.47598999999999997,0.482049,22051,5237660
monero,"Jan 10, 2016",0.489759,0.523419,0.477837,0.48857799999999996,31087,5215390
monero,"Jan 09, 2016",0.485166,0.51337,0.485019,0.49013500000000004,29526,5161200
monero,"Jan 08, 2016",0.490154,0.505359,0.48489799999999994,0.488417,19424,5209180
monero,"Jan 07, 2016",0.5031479999999999,0.519682,0.47861400000000004,0.492529,47307,5341860
monero,"Jan 06, 2016",0.49922,0.516756,0.49551999999999996,0.505053,19057,5295000
monero,"Jan 05, 2016",0.517417,0.542459,0.494788,0.49927200000000005,30449,5482480
monero,"Jan 04, 2016",0.506154,0.528551,0.498989,0.517388,29381,5357790
monero,"Jan 03, 2016",0.532842,0.540589,0.49085500000000004,0.500312,43237,5634660
monero,"Jan 02, 2016",0.498302,0.5643729999999999,0.498302,0.532668,64901,5264120
monero,"Jan 01, 2016",0.470707,0.556793,0.46520200000000006,0.497867,88914,4967640
monero,"Dec 31, 2015",0.44144300000000003,0.47352700000000003,0.438939,0.47040200000000004,27510,4654080
monero,"Dec 30, 2015",0.456351,0.471401,0.437645,0.441028,34389,4806230
monero,"Dec 29, 2015",0.44672399999999995,0.470286,0.441525,0.45616,14980,4700130
monero,"Dec 28, 2015",0.452179,0.45988999999999997,0.443942,0.446928,14727,4752790
monero,"Dec 27, 2015",0.448906,0.4664,0.440986,0.451554,16567,4713750
monero,"Dec 26, 2015",0.488908,0.49468500000000004,0.43631800000000004,0.446716,16968,5128550
monero,"Dec 25, 2015",0.48953199999999997,0.496537,0.482095,0.484163,9978,5129570
monero,"Dec 24, 2015",0.480936,0.493704,0.474434,0.490058,23611,5034380
monero,"Dec 23, 2015",0.478893,0.499558,0.467131,0.48224399999999995,36501,5007830
monero,"Dec 22, 2015",0.488346,0.507606,0.457085,0.480099,25924,5101530
monero,"Dec 21, 2015",0.505214,0.5150239999999999,0.45085200000000003,0.488745,56810,5272120
monero,"Dec 20, 2015",0.47298599999999996,0.5145,0.453287,0.507456,43384,4930890
monero,"Dec 19, 2015",0.49937700000000007,0.500674,0.46980500000000003,0.471013,23387,5200550
monero,"Dec 18, 2015",0.500976,0.510883,0.49179700000000004,0.499438,18904,5211360
monero,"Dec 17, 2015",0.51908,0.5327930000000001,0.495784,0.5012310000000001,19565,5394470
monero,"Dec 16, 2015",0.555805,0.5569069999999999,0.515,0.518993,27338,5769580
monero,"Dec 15, 2015",0.536327,0.561471,0.52132,0.556358,38572,5561680
monero,"Dec 14, 2015",0.47401400000000005,0.564516,0.463613,0.5347609999999999,98330,4910560
monero,"Dec 13, 2015",0.455545,0.46972200000000003,0.445625,0.465171,28983,4714140
monero,"Dec 12, 2015",0.459582,0.481152,0.424192,0.455326,17071,4751070
monero,"Dec 11, 2015",0.430741,0.465265,0.430741,0.458294,19202,4448200
monero,"Dec 10, 2015",0.450669,0.456122,0.416312,0.43143400000000004,22548,4649320
monero,"Dec 09, 2015",0.43195,0.46533800000000003,0.42580500000000004,0.45207299999999995,35438,4451310
monero,"Dec 08, 2015",0.421141,0.43381899999999995,0.395307,0.42936,40491,4335150
monero,"Dec 07, 2015",0.428331,0.448007,0.41397799999999996,0.421295,29885,4404700
monero,"Dec 06, 2015",0.44137600000000005,0.472206,0.423569,0.43994700000000003,43779,4533980
monero,"Dec 05, 2015",0.371867,0.46108299999999997,0.367797,0.451304,61840,3815610
monero,"Dec 04, 2015",0.37054499999999996,0.385908,0.361464,0.370805,22222,3797980
monero,"Dec 03, 2015",0.368825,0.389666,0.362636,0.36689099999999997,19257,3776240
monero,"Dec 02, 2015",0.376133,0.387212,0.360591,0.368688,15544,3846870
monero,"Dec 01, 2015",0.39314099999999996,0.414991,0.363408,0.37602800000000003,20746,4016600
monero,"Nov 30, 2015",0.401331,0.42803800000000003,0.374931,0.395225,30652,4095740
monero,"Nov 29, 2015",0.39253699999999997,0.407767,0.38338099999999997,0.401147,14276,4001630
monero,"Nov 28, 2015",0.38595300000000005,0.396764,0.379471,0.39204,14046,3930100
monero,"Nov 27, 2015",0.401079,0.41084499999999996,0.37090300000000004,0.386268,30668,4079510
monero,"Nov 26, 2015",0.38713600000000004,0.42103599999999997,0.375184,0.404663,29751,3933670
monero,"Nov 25, 2015",0.391612,0.394932,0.371908,0.38768400000000003,18839,3974460
monero,"Nov 24, 2015",0.390972,0.398646,0.37485100000000005,0.390148,13449,3963690
monero,"Nov 23, 2015",0.39620700000000003,0.39620700000000003,0.377029,0.391113,7900,4012210
monero,"Nov 22, 2015",0.39116100000000004,0.396945,0.378655,0.39582399999999995,8345,3956810
monero,"Nov 21, 2015",0.390449,0.408989,0.375678,0.391906,29577,3945290
monero,"Nov 20, 2015",0.40369499999999997,0.406138,0.379315,0.389316,9764,4074550
monero,"Nov 19, 2015",0.41576199999999996,0.42025100000000004,0.395156,0.407052,23986,4191680
monero,"Nov 18, 2015",0.43235,0.433141,0.408752,0.415567,19508,4354230
monero,"Nov 17, 2015",0.436079,0.448905,0.42157100000000003,0.42899899999999996,11601,4386510
monero,"Nov 16, 2015",0.43065699999999996,0.44098000000000004,0.41487299999999994,0.435954,15841,4327140
monero,"Nov 15, 2015",0.425155,0.438183,0.406889,0.43081,23747,4266860
monero,"Nov 14, 2015",0.44976400000000005,0.45795399999999997,0.41886,0.424853,22033,4508820
monero,"Nov 13, 2015",0.442413,0.46620500000000004,0.42007799999999995,0.45261899999999994,25508,4430220
monero,"Nov 12, 2015",0.450587,0.464221,0.412313,0.443275,46397,4506870
monero,"Nov 11, 2015",0.457574,0.464213,0.41136000000000006,0.450299,39549,4571590
monero,"Nov 10, 2015",0.47143599999999997,0.503834,0.448403,0.460954,30024,4704550
monero,"Nov 09, 2015",0.49906000000000006,0.503041,0.463946,0.47277600000000003,33642,4974750
monero,"Nov 08, 2015",0.452099,0.5590470000000001,0.44068500000000005,0.497654,50506,4501570
monero,"Nov 07, 2015",0.439904,0.462344,0.43536,0.452638,15748,4375090
monero,"Nov 06, 2015",0.43411099999999997,0.460322,0.400474,0.439195,17578,4312520
monero,"Nov 05, 2015",0.502058,0.512523,0.42448,0.43253,18894,4981470
monero,"Nov 04, 2015",0.446854,0.577542,0.442558,0.505869,81510,4428490
monero,"Nov 03, 2015",0.443038,0.473188,0.418063,0.44270699999999996,71241,4385640
monero,"Nov 02, 2015",0.4232,0.445866,0.408869,0.44288599999999995,45683,4184520
monero,"Nov 01, 2015",0.402422,0.43497399999999997,0.402422,0.423505,27614,3974440
monero,"Oct 31, 2015",0.452474,0.459883,0.397492,0.404538,19924,4463440
monero,"Oct 30, 2015",0.447587,0.47609399999999996,0.389679,0.456442,66360,4410090
monero,"Oct 29, 2015",0.44741099999999995,0.461054,0.42197299999999993,0.447103,45553,4403050
monero,"Oct 28, 2015",0.41076999999999997,0.44925699999999996,0.401033,0.448829,41102,4037860
monero,"Oct 27, 2015",0.390942,0.412288,0.38361300000000004,0.409574,23061,3838270
monero,"Oct 26, 2015",0.407862,0.409649,0.377313,0.38795999999999997,20914,3999670
monero,"Oct 25, 2015",0.39566,0.424338,0.385677,0.407067,28219,3875360
monero,"Oct 24, 2015",0.391922,0.398093,0.380405,0.395808,21783,3834210
monero,"Oct 23, 2015",0.403452,0.405415,0.390979,0.393922,23478,3942040
monero,"Oct 22, 2015",0.394789,0.403582,0.384388,0.40323600000000004,14927,3852920
monero,"Oct 21, 2015",0.40086900000000003,0.40086900000000003,0.38195999999999997,0.394597,21249,3907320
monero,"Oct 20, 2015",0.397011,0.400255,0.376777,0.399646,36344,3865110
monero,"Oct 19, 2015",0.409815,0.414749,0.38350100000000004,0.403212,30649,3985030
monero,"Oct 18, 2015",0.426104,0.427756,0.406558,0.409797,10726,4138260
monero,"Oct 17, 2015",0.4123,0.43635799999999997,0.410916,0.426942,25424,3999330
monero,"Oct 16, 2015",0.393517,0.41184,0.37964200000000003,0.41151099999999996,35622,3812460
monero,"Oct 15, 2015",0.383465,0.40324899999999997,0.382849,0.390841,26749,3710570
monero,"Oct 14, 2015",0.38855100000000004,0.396034,0.382399,0.384266,20717,3755190
monero,"Oct 13, 2015",0.39651,0.39651,0.382108,0.388015,20881,3827290
monero,"Oct 12, 2015",0.38035,0.402801,0.379191,0.39531700000000003,17245,3666600
monero,"Oct 11, 2015",0.387736,0.39602,0.37698000000000004,0.38072399999999995,33411,3733480
monero,"Oct 10, 2015",0.394552,0.394552,0.384232,0.387789,12722,3794300
monero,"Oct 09, 2015",0.389521,0.40060999999999997,0.379771,0.397329,20221,3741360
monero,"Oct 08, 2015",0.39337,0.41067700000000007,0.387575,0.387872,28191,3773330
monero,"Oct 07, 2015",0.410812,0.417501,0.39251199999999997,0.39318600000000004,19953,3935680
monero,"Oct 06, 2015",0.415127,0.42689799999999994,0.40763,0.41137799999999997,13031,3971950
monero,"Oct 05, 2015",0.40023200000000003,0.428543,0.382255,0.41615100000000005,17443,3824600
monero,"Oct 04, 2015",0.40975,0.41079499999999997,0.39925900000000003,0.400312,7905,3910740
monero,"Oct 03, 2015",0.409377,0.41607299999999997,0.404727,0.40992799999999996,15752,3902290
monero,"Oct 02, 2015",0.405273,0.41498,0.39469499999999996,0.409897,24588,3858300
monero,"Oct 01, 2015",0.401044,0.42937299999999995,0.394394,0.404696,27172,3813330
monero,"Sep 30, 2015",0.43749499999999997,0.43778500000000004,0.350445,0.399882,91652,4154530
monero,"Sep 29, 2015",0.449097,0.45018400000000003,0.430411,0.435817,18912,4259180
monero,"Sep 28, 2015",0.440906,0.454246,0.43644700000000003,0.44899799999999995,22851,4176170
monero,"Sep 27, 2015",0.44504,0.45179899999999995,0.436453,0.43771000000000004,15986,4209850
monero,"Sep 26, 2015",0.453607,0.46806099999999995,0.44174300000000005,0.44510500000000003,39062,4285200
monero,"Sep 25, 2015",0.470271,0.476337,0.44282299999999997,0.45151499999999994,72674,4436980
monero,"Sep 24, 2015",0.464555,0.47038500000000005,0.456599,0.468678,16085,4377470
monero,"Sep 23, 2015",0.46730600000000005,0.476228,0.45202200000000003,0.464606,26708,4397630
monero,"Sep 22, 2015",0.48100600000000004,0.481633,0.45921000000000006,0.471829,20004,4520690
monero,"Sep 21, 2015",0.488108,0.493709,0.47856800000000005,0.48045200000000005,10323,4581520
monero,"Sep 20, 2015",0.49847299999999994,0.502246,0.47937700000000005,0.485971,23345,4672440
monero,"Sep 19, 2015",0.49844399999999994,0.503089,0.49118100000000003,0.496418,13090,4666030
monero,"Sep 18, 2015",0.49487,0.50458,0.482009,0.50044,12727,4626560
monero,"Sep 17, 2015",0.510042,0.521257,0.478933,0.49478199999999994,63098,4762110
monero,"Sep 16, 2015",0.502213,0.510922,0.478238,0.5099739999999999,42561,4682750
monero,"Sep 15, 2015",0.483566,0.569801,0.478813,0.502379,40322,4502900
monero,"Sep 14, 2015",0.458575,0.5069239999999999,0.45198,0.482289,61609,4264430
monero,"Sep 13, 2015",0.464892,0.47697700000000004,0.451275,0.46286499999999997,18133,4317610
monero,"Sep 12, 2015",0.495145,0.495145,0.459555,0.46547299999999997,21998,4592370
monero,"Sep 11, 2015",0.497159,0.506059,0.489671,0.495325,25292,4604850
monero,"Sep 10, 2015",0.506263,0.517275,0.49215699999999996,0.49724700000000005,19215,4682800
monero,"Sep 09, 2015",0.517122,0.53213,0.49595200000000006,0.506011,46479,4776830
monero,"Sep 08, 2015",0.49869600000000003,0.519969,0.49626899999999996,0.517402,23332,4600200
monero,"Sep 07, 2015",0.505125,0.5087430000000001,0.49137200000000003,0.49945200000000006,14904,4653130
monero,"Sep 06, 2015",0.481595,0.507062,0.47895,0.505111,20838,4430410
monero,"Sep 05, 2015",0.47090299999999996,0.48294799999999993,0.465358,0.48159399999999997,25003,4326210
monero,"Sep 04, 2015",0.45960500000000004,0.47442,0.455117,0.46787399999999996,19213,4216670
monero,"Sep 03, 2015",0.46859799999999996,0.474624,0.45867600000000003,0.45929,26802,4293320
monero,"Sep 02, 2015",0.457513,0.47272600000000004,0.45346000000000003,0.46808299999999997,17633,4185830
monero,"Sep 01, 2015",0.467261,0.470225,0.455776,0.458517,13804,4269290
monero,"Aug 31, 2015",0.465863,0.480005,0.45694300000000004,0.467238,20464,4250620
monero,"Aug 30, 2015",0.476522,0.481059,0.455379,0.459009,19851,4341760
monero,"Aug 29, 2015",0.476754,0.487442,0.4629,0.47655,30004,4337790
monero,"Aug 28, 2015",0.465286,0.48953599999999997,0.450725,0.481627,24895,4227600
monero,"Aug 27, 2015",0.49599399999999993,0.49953800000000004,0.45914099999999997,0.465475,22233,4500310
monero,"Aug 26, 2015",0.490084,0.519656,0.482042,0.496679,18296,4440300
monero,"Aug 25, 2015",0.433043,0.495155,0.413889,0.49028599999999994,32249,3918090
monero,"Aug 24, 2015",0.5424859999999999,0.553264,0.43305600000000005,0.434871,77454,4901250
monero,"Aug 23, 2015",0.5528609999999999,0.556044,0.512382,0.544585,31062,4988090
monero,"Aug 22, 2015",0.567801,0.57331,0.53686,0.553084,22258,5115700
monero,"Aug 21, 2015",0.5986199999999999,0.613015,0.5669850000000001,0.568307,40345,5385120
monero,"Aug 20, 2015",0.541129,0.617613,0.535015,0.597797,69637,4861220
monero,"Aug 19, 2015",0.48808900000000005,0.545772,0.48808900000000005,0.534101,35406,4378560
monero,"Aug 18, 2015",0.6103029999999999,0.620896,0.493284,0.493284,32718,5466910
monero,"Aug 17, 2015",0.6199020000000001,0.626488,0.586213,0.610122,45312,5544840
monero,"Aug 16, 2015",0.613368,0.674721,0.611529,0.620167,64263,5478570
monero,"Aug 15, 2015",0.6114539999999999,0.634827,0.6059439999999999,0.613236,49051,5453670
monero,"Aug 14, 2015",0.5759920000000001,0.614718,0.555077,0.6099060000000001,49540,5130060
monero,"Aug 13, 2015",0.615626,0.6346510000000001,0.564244,0.575855,51260,5474580
monero,"Aug 12, 2015",0.603783,0.651037,0.602168,0.622923,51925,5361380
monero,"Aug 11, 2015",0.6567470000000001,0.657478,0.5991390000000001,0.603582,69221,5823060
monero,"Aug 10, 2015",0.686737,0.698476,0.656262,0.656576,33307,6080090
monero,"Aug 09, 2015",0.6760689999999999,0.696012,0.633,0.674739,101826,5976810
monero,"Aug 08, 2015",0.742898,0.744513,0.675775,0.676046,58680,6557890
monero,"Aug 07, 2015",0.7289979999999999,0.750604,0.679179,0.742292,128615,6425560
monero,"Aug 06, 2015",0.6154109999999999,0.74654,0.6154109999999999,0.729102,179684,5416470
monero,"Aug 05, 2015",0.61745,0.622628,0.597039,0.6186159999999999,31532,5426410
monero,"Aug 04, 2015",0.595026,0.620082,0.58555,0.618406,23130,5221610
monero,"Aug 03, 2015",0.62588,0.62644,0.594341,0.5958180000000001,41078,5484180
monero,"Aug 02, 2015",0.588595,0.624904,0.571623,0.624904,58236,5149630
monero,"Aug 01, 2015",0.5744279999999999,0.591867,0.560702,0.588741,47982,5018000
monero,"Jul 31, 2015",0.58295,0.583462,0.5649609999999999,0.574956,17852,5084350
monero,"Jul 30, 2015",0.58992,0.58992,0.571276,0.583228,18356,5137850
monero,"Jul 29, 2015",0.6161300000000001,0.616264,0.5853659999999999,0.589967,23624,5357820
monero,"Jul 28, 2015",0.596008,0.6174350000000001,0.588746,0.615015,31583,5175100
monero,"Jul 27, 2015",0.580721,0.61129,0.576175,0.59605,18318,5034590
monero,"Jul 26, 2015",0.569399,0.602531,0.555629,0.584723,19209,4928700
monero,"Jul 25, 2015",0.575943,0.585839,0.5621079999999999,0.5660029999999999,28011,4977960
monero,"Jul 24, 2015",0.566469,0.58414,0.560192,0.576016,17108,4888280
monero,"Jul 23, 2015",0.573298,0.588953,0.558372,0.570335,36815,4939510
monero,"Jul 22, 2015",0.586897,0.590094,0.55477,0.5734199999999999,28612,5048500
monero,"Jul 21, 2015",0.549014,0.5977319999999999,0.546039,0.5875779999999999,44363,4715320
monero,"Jul 20, 2015",0.538906,0.547709,0.529836,0.547709,22420,4621200
monero,"Jul 19, 2015",0.528092,0.542489,0.51608,0.537989,15024,4521330
monero,"Jul 18, 2015",0.535249,0.546805,0.51635,0.523595,15685,4575510
monero,"Jul 17, 2015",0.536343,0.537956,0.5073979999999999,0.5351819999999999,10526,4577990
monero,"Jul 16, 2015",0.541435,0.558581,0.514705,0.536325,13229,4613990
monero,"Jul 15, 2015",0.562987,0.577868,0.540471,0.541855,20021,4789930
monero,"Jul 14, 2015",0.571649,0.581572,0.550451,0.570033,13521,4819400
monero,"Jul 13, 2015",0.6314930000000001,0.635161,0.545211,0.572132,17500,5323920
monero,"Jul 12, 2015",0.539135,0.64576,0.539135,0.6280939999999999,66012,4545280
monero,"Jul 11, 2015",0.520567,0.548013,0.517228,0.539175,18728,4388740
monero,"Jul 10, 2015",0.4863,0.555355,0.484886,0.520876,31812,4099850
monero,"Jul 09, 2015",0.514289,0.516238,0.48239099999999996,0.497226,32530,4333650
monero,"Jul 08, 2015",0.51141,0.523209,0.501646,0.51399,19413,4302200
monero,"Jul 07, 2015",0.507229,0.51346,0.494695,0.512376,15739,4260280
monero,"Jul 06, 2015",0.5221779999999999,0.5246609999999999,0.49770699999999995,0.5055069999999999,33776,4378680
monero,"Jul 05, 2015",0.506999,0.5280739999999999,0.49939799999999995,0.5219689999999999,21263,4244470
monero,"Jul 04, 2015",0.49227200000000004,0.508582,0.487245,0.507361,9823,4114420
monero,"Jul 03, 2015",0.492674,0.49911000000000005,0.48362200000000005,0.491196,19161,4111000
monero,"Jul 02, 2015",0.49897700000000006,0.506656,0.473017,0.492605,23017,4156770
monero,"Jul 01, 2015",0.49934399999999995,0.507624,0.48576099999999994,0.49884799999999996,16986,4152950
monero,"Jun 30, 2015",0.493517,0.5079520000000001,0.48222,0.500266,20586,4097860
monero,"Jun 29, 2015",0.469706,0.506616,0.454029,0.493447,38116,3893490
monero,"Jun 28, 2015",0.489918,0.496296,0.446696,0.47063599999999994,35450,4054450
monero,"Jun 27, 2015",0.48332200000000003,0.503799,0.475463,0.491951,25068,3992970
monero,"Jun 26, 2015",0.503591,0.503591,0.477839,0.48424700000000004,27929,4153430
monero,"Jun 25, 2015",0.509393,0.5175420000000001,0.497704,0.503678,20286,4194070
monero,"Jun 24, 2015",0.526948,0.531123,0.502254,0.506506,30722,4331280
monero,"Jun 23, 2015",0.540583,0.54128,0.518084,0.526921,34151,4436020
monero,"Jun 22, 2015",0.5261859999999999,0.540942,0.519536,0.5405989999999999,24145,4310580
monero,"Jun 21, 2015",0.537554,0.542974,0.520188,0.523274,20026,4396240
monero,"Jun 20, 2015",0.514188,0.546906,0.503838,0.53798,46906,4197910
monero,"Jun 19, 2015",0.503972,0.539115,0.495827,0.511796,36206,4107130
monero,"Jun 18, 2015",0.5029859999999999,0.5062369999999999,0.48855,0.50388,18521,4092280
monero,"Jun 17, 2015",0.507717,0.5236609999999999,0.49357799999999996,0.50334,35110,4123450
monero,"Jun 16, 2015",0.505134,0.5158590000000001,0.48990600000000006,0.5060859999999999,47599,4095180
monero,"Jun 15, 2015",0.49517799999999995,0.51544,0.49320600000000003,0.508224,27100,4007810
monero,"Jun 14, 2015",0.48789099999999996,0.496882,0.474605,0.49496999999999997,25286,3941870
monero,"Jun 13, 2015",0.47076599999999996,0.48971400000000004,0.459585,0.489472,38193,3796760
monero,"Jun 12, 2015",0.461866,0.49614300000000006,0.456475,0.470966,37697,3718430
monero,"Jun 11, 2015",0.479596,0.49113500000000004,0.45841099999999996,0.46285200000000004,39601,3851510
monero,"Jun 10, 2015",0.493943,0.497465,0.47394200000000003,0.479738,18563,3962800
monero,"Jun 09, 2015",0.543491,0.548059,0.45251499999999995,0.49599099999999996,84617,4352640
monero,"Jun 08, 2015",0.515774,0.5526479999999999,0.5047659999999999,0.542956,60437,4123340
monero,"Jun 07, 2015",0.526472,0.534333,0.495418,0.517933,60901,4201680
monero,"Jun 06, 2015",0.504834,0.531513,0.494784,0.526428,61552,4021480
monero,"Jun 05, 2015",0.476499,0.5051260000000001,0.469603,0.498892,33178,3788650
monero,"Jun 04, 2015",0.453636,0.484314,0.451858,0.476494,27086,3600680
monero,"Jun 03, 2015",0.454506,0.46819799999999995,0.45235299999999995,0.45347600000000005,20468,3600960
monero,"Jun 02, 2015",0.454769,0.46519399999999994,0.443201,0.455539,42022,3596230
monero,"Jun 01, 2015",0.45122399999999996,0.46743599999999996,0.44698999999999994,0.45161899999999994,21924,3561950
monero,"May 31, 2015",0.44607299999999994,0.482621,0.44206899999999993,0.45088900000000004,44096,3514770
monero,"May 30, 2015",0.441193,0.44765900000000003,0.429383,0.445107,16705,3469710
monero,"May 29, 2015",0.44439300000000004,0.46019499999999997,0.439708,0.43987200000000004,29580,3488920
monero,"May 28, 2015",0.42593500000000006,0.453363,0.421284,0.443637,29630,3337830
monero,"May 27, 2015",0.44814499999999996,0.44814499999999996,0.415162,0.421971,44220,3505500
monero,"May 26, 2015",0.46366999999999997,0.47053,0.43414300000000006,0.446883,32411,3619900
monero,"May 25, 2015",0.47944899999999996,0.483379,0.46171999999999996,0.463606,28042,3736440
monero,"May 24, 2015",0.47075200000000006,0.48384799999999994,0.46790200000000004,0.479603,12799,3661790
monero,"May 23, 2015",0.45893,0.49195500000000003,0.458416,0.470987,28017,3563310
monero,"May 22, 2015",0.467157,0.47735500000000003,0.42143100000000006,0.460764,52852,3620250
monero,"May 21, 2015",0.5127109999999999,0.535783,0.440916,0.46295600000000003,110387,3965800
monero,"May 20, 2015",0.51494,0.5528890000000001,0.492917,0.492917,62290,3975640
monero,"May 19, 2015",0.534982,0.550374,0.495834,0.51466,64157,4122390
monero,"May 18, 2015",0.558933,0.597701,0.517159,0.5357729999999999,66440,4298940
monero,"May 17, 2015",0.597889,0.6248239999999999,0.546362,0.5572159999999999,38552,4589620
monero,"May 16, 2015",0.546561,0.623946,0.534678,0.595673,48492,4187560
monero,"May 15, 2015",0.495878,0.569368,0.49575600000000003,0.5449649999999999,36937,3791680
monero,"May 14, 2015",0.4829,0.511704,0.475443,0.49554799999999993,24386,3685290
monero,"May 13, 2015",0.47674300000000003,0.5232060000000001,0.475371,0.483207,22340,3631200
monero,"May 12, 2015",0.513022,0.515426,0.47743500000000005,0.477612,27612,3900190
monero,"May 11, 2015",0.561128,0.56721,0.495461,0.511342,40270,4257390
monero,"May 10, 2015",0.51507,0.574016,0.498172,0.565103,25842,3900430
monero,"May 09, 2015",0.4911,0.5376989999999999,0.479652,0.5136930000000001,33579,3711700
monero,"May 08, 2015",0.474257,0.49991599999999997,0.47174099999999997,0.490568,13967,3521290
monero,"May 07, 2015",0.458921,0.486493,0.455222,0.473934,29403,3407420
monero,"May 06, 2015",0.471263,0.480915,0.44502200000000003,0.45825699999999997,29928,3499060
monero,"May 05, 2015",0.468268,0.482659,0.447593,0.471166,22379,3476820
monero,"May 04, 2015",0.498803,0.503922,0.467321,0.46788900000000005,19414,3703540
monero,"May 03, 2015",0.495055,0.5133220000000001,0.491903,0.499079,13646,3675710
monero,"May 02, 2015",0.500167,0.5094850000000001,0.48457700000000004,0.49757700000000005,12363,3713670
monero,"May 01, 2015",0.502925,0.52752,0.492795,0.49999799999999994,13570,3734140
monero,"Apr 30, 2015",0.49244,0.52662,0.462531,0.501179,29589,3655310
monero,"Apr 29, 2015",0.484513,0.502058,0.447521,0.491526,29029,3589430
monero,"Apr 28, 2015",0.566098,0.572987,0.445988,0.47931,97890,4185340
monero,"Apr 27, 2015",0.556476,0.573146,0.529841,0.566088,26268,4105850
monero,"Apr 26, 2015",0.563681,0.567488,0.531613,0.556385,19954,4150550
monero,"Apr 25, 2015",0.572382,0.585438,0.514305,0.5647399999999999,77248,4205970
monero,"Apr 24, 2015",0.596757,0.60509,0.56803,0.569937,18883,4375970
monero,"Apr 23, 2015",0.57687,0.6140220000000001,0.556235,0.603233,45474,4221300
monero,"Apr 22, 2015",0.6318229999999999,0.633604,0.575792,0.576331,29956,4614040
monero,"Apr 21, 2015",0.68176,0.68176,0.583367,0.632725,101360,4968090
monero,"Apr 20, 2015",0.662429,0.68435,0.6498550000000001,0.678942,28005,4816330
monero,"Apr 19, 2015",0.69231,0.696105,0.662209,0.662209,15323,5023780
monero,"Apr 18, 2015",0.658119,0.7203729999999999,0.654586,0.694249,39375,4765990
monero,"Apr 17, 2015",0.678462,0.6843670000000001,0.631058,0.658304,27205,4903060
monero,"Apr 16, 2015",0.673035,0.687646,0.652904,0.678599,42962,4853110
monero,"Apr 15, 2015",0.65659,0.690585,0.651108,0.673307,21974,4724530
monero,"Apr 14, 2015",0.697815,0.700495,0.643041,0.656934,37452,5010540
monero,"Apr 13, 2015",0.800405,0.8010729999999999,0.6759229999999999,0.6917409999999999,66159,5735080
monero,"Apr 12, 2015",0.826843,0.8312930000000001,0.7959579999999999,0.800135,22665,5911570
monero,"Apr 11, 2015",0.804529,0.8554069999999999,0.7855810000000001,0.827207,45289,5739570
monero,"Apr 10, 2015",0.7594810000000001,0.8641399999999999,0.724072,0.800381,67091,5406330
monero,"Apr 09, 2015",0.755325,0.7629090000000001,0.699283,0.758207,24374,5365370
monero,"Apr 08, 2015",0.818747,0.843535,0.724638,0.755192,33421,5803160
monero,"Apr 07, 2015",0.788578,0.8333020000000001,0.715785,0.8333020000000001,95347,5576860
monero,"Apr 06, 2015",0.877685,0.914227,0.762972,0.789463,38051,6193760
monero,"Apr 05, 2015",0.857369,0.919018,0.72706,0.8837309999999999,143439,6037240
monero,"Apr 04, 2015",0.940243,0.9913040000000001,0.714985,0.85929,128977,6606150
monero,"Apr 03, 2015",0.977708,1.02,0.878714,0.9522450000000001,139293,6853850
monero,"Apr 02, 2015",1.01,1.03,0.9182680000000001,0.96926,88831,7040630
monero,"Apr 01, 2015",0.907474,1.05,0.907474,1.01,119203,6333310
monero,"Mar 31, 2015",0.870559,1.02,0.8488760000000001,0.9070590000000001,216122,6061480
monero,"Mar 30, 2015",0.718821,0.890235,0.71482,0.853188,108069,4993790
monero,"Mar 29, 2015",0.806605,0.817701,0.701294,0.7121529999999999,58609,5590830
monero,"Mar 28, 2015",0.7793359999999999,0.852626,0.765332,0.795417,74210,5389510
monero,"Mar 27, 2015",0.744401,0.7991,0.733024,0.777714,42036,5136280
monero,"Mar 26, 2015",0.767811,0.778786,0.737119,0.746328,44427,5285540
monero,"Mar 25, 2015",0.706427,0.7779119999999999,0.665812,0.767497,98536,4851810
monero,"Mar 24, 2015",0.766937,0.777265,0.677083,0.711852,52144,5255200
monero,"Mar 23, 2015",0.7753140000000001,0.785542,0.7390979999999999,0.766353,45634,5300020
monero,"Mar 22, 2015",0.743241,0.806098,0.730675,0.777347,108985,5069650
monero,"Mar 21, 2015",0.642876,0.7463770000000001,0.628618,0.743222,61605,4374530
monero,"Mar 20, 2015",0.667179,0.681503,0.615417,0.633158,28023,4529630
monero,"Mar 19, 2015",0.6469060000000001,0.6863670000000001,0.6131310000000001,0.6773819999999999,52047,4381670
monero,"Mar 18, 2015",0.7526729999999999,0.7526729999999999,0.61634,0.638029,51858,5086120
monero,"Mar 17, 2015",0.806746,0.82073,0.740693,0.752221,61111,5438720
monero,"Mar 16, 2015",0.695199,0.850915,0.687812,0.8059430000000001,110309,4675430
monero,"Mar 15, 2015",0.674561,0.792409,0.668614,0.69425,70322,4525900
monero,"Mar 14, 2015",0.633491,0.7249869999999999,0.5884729999999999,0.676167,83441,4240350
monero,"Mar 13, 2015",0.678898,0.687685,0.632975,0.644822,56953,4533130
monero,"Mar 12, 2015",0.71549,0.71549,0.649881,0.684608,62621,4766020
monero,"Mar 11, 2015",0.7921590000000001,0.804778,0.65661,0.7157819999999999,95830,5263560
monero,"Mar 10, 2015",0.648228,0.8290709999999999,0.5833010000000001,0.7918430000000001,182299,4296870
monero,"Mar 09, 2015",0.48953100000000005,0.677262,0.464207,0.63489,110877,3236970
monero,"Mar 08, 2015",0.46557,0.503778,0.452096,0.484062,39107,3071180
monero,"Mar 07, 2015",0.486154,0.498645,0.45486099999999996,0.457321,25259,3198930
monero,"Mar 06, 2015",0.472445,0.519687,0.45286099999999996,0.48603900000000005,77668,3100550
monero,"Mar 05, 2015",0.413275,0.47947700000000004,0.40810100000000005,0.46962600000000004,45238,2705880
monero,"Mar 04, 2015",0.415367,0.423196,0.390815,0.41315100000000005,21345,2713080
monero,"Mar 03, 2015",0.428695,0.428695,0.389474,0.41507799999999995,23029,2792970
monero,"Mar 02, 2015",0.425727,0.431746,0.384157,0.42843400000000004,67915,2766530
monero,"Mar 01, 2015",0.427313,0.42836199999999997,0.39717199999999997,0.42602799999999996,23255,2769930
monero,"Feb 28, 2015",0.385549,0.437406,0.379742,0.427227,68062,2492860
monero,"Feb 27, 2015",0.357521,0.398922,0.354788,0.381008,36994,2305920
monero,"Feb 26, 2015",0.365299,0.371073,0.340683,0.357721,31163,2350210
monero,"Feb 25, 2015",0.335048,0.371745,0.321195,0.365243,33340,2150140
monero,"Feb 24, 2015",0.384864,0.39416799999999996,0.33760999999999997,0.340267,77991,2463620
monero,"Feb 23, 2015",0.314207,0.35587399999999997,0.301992,0.337887,82507,2005950
monero,"Feb 22, 2015",0.30275,0.313139,0.262125,0.313139,28371,1927720
monero,"Feb 21, 2015",0.30539099999999997,0.31754899999999997,0.294589,0.302557,14275,1939520
monero,"Feb 20, 2015",0.284644,0.30734,0.276358,0.30567300000000003,23536,1803180
monero,"Feb 19, 2015",0.249056,0.302804,0.24541100000000002,0.28279099999999996,35329,1573510
monero,"Feb 18, 2015",0.253632,0.25574,0.232431,0.248507,33558,1598190
monero,"Feb 17, 2015",0.251008,0.259335,0.245205,0.253231,16775,1577450
monero,"Feb 16, 2015",0.252583,0.256815,0.241612,0.251039,8801,1583380
monero,"Feb 15, 2015",0.279862,0.28085,0.242444,0.25138,13141,1749650
monero,"Feb 14, 2015",0.255242,0.28215999999999997,0.25212199999999996,0.28032199999999996,19546,1591440
monero,"Feb 13, 2015",0.25000900000000004,0.264404,0.23755900000000002,0.255641,12966,1554650
monero,"Feb 12, 2015",0.234869,0.255847,0.224266,0.246741,25486,1456630
monero,"Feb 11, 2015",0.24450700000000003,0.251757,0.228287,0.23149699999999998,23085,1512250
monero,"Feb 10, 2015",0.252897,0.254932,0.23739699999999997,0.244719,14973,1559910
monero,"Feb 09, 2015",0.258768,0.265256,0.24736,0.251738,12603,1591870
monero,"Feb 08, 2015",0.275459,0.279798,0.255687,0.265034,11615,1689980
monero,"Feb 07, 2015",0.270831,0.28433800000000004,0.264148,0.275702,12075,1656860
monero,"Feb 06, 2015",0.272327,0.281941,0.262469,0.27077199999999996,14473,1661450
monero,"Feb 05, 2015",0.289486,0.298088,0.266988,0.272273,13746,1761170
monero,"Feb 04, 2015",0.289054,0.296241,0.265131,0.289486,19736,1753690
monero,"Feb 03, 2015",0.300962,0.307398,0.275777,0.288734,11397,1820860
monero,"Feb 02, 2015",0.30080999999999997,0.305869,0.28394400000000003,0.301242,16725,1814850
monero,"Feb 01, 2015",0.28361,0.311151,0.27270300000000003,0.299954,17051,1706270
monero,"Jan 31, 2015",0.294042,0.30237600000000003,0.279501,0.28436300000000003,10211,1764140
monero,"Jan 30, 2015",0.306139,0.321144,0.28675500000000004,0.294018,21911,1831440
monero,"Jan 29, 2015",0.29027600000000003,0.318331,0.280945,0.309911,27625,1731140
monero,"Jan 28, 2015",0.31901799999999997,0.33009499999999997,0.276252,0.290979,16093,1897440
monero,"Jan 27, 2015",0.31654,0.33059299999999997,0.288746,0.320371,17844,1877370
monero,"Jan 26, 2015",0.315818,0.362985,0.299823,0.317078,29144,1867840
monero,"Jan 25, 2015",0.297115,0.33284,0.295258,0.310227,24533,1752130
monero,"Jan 24, 2015",0.279997,0.30649099999999996,0.266452,0.298369,16130,1646270
monero,"Jan 23, 2015",0.273993,0.289574,0.25546399999999997,0.283141,12269,1606240
monero,"Jan 22, 2015",0.261508,0.287439,0.257221,0.273442,15643,1528690
monero,"Jan 21, 2015",0.24065599999999998,0.262472,0.232988,0.261268,10021,1402630
monero,"Jan 20, 2015",0.253765,0.254656,0.230319,0.236223,8074,1474700
monero,"Jan 19, 2015",0.255703,0.26484,0.237711,0.254181,17060,1481490
monero,"Jan 18, 2015",0.24873,0.269781,0.232751,0.258656,11861,1436750
monero,"Jan 17, 2015",0.282024,0.284548,0.236521,0.24805700000000003,12834,1624370
monero,"Jan 16, 2015",0.260538,0.282141,0.24761799999999998,0.278449,14483,1496130
monero,"Jan 15, 2015",0.220121,0.273713,0.220121,0.261714,14019,1260140
monero,"Jan 14, 2015",0.30040900000000004,0.304722,0.21296700000000002,0.22352199999999997,20845,1714500
monero,"Jan 13, 2015",0.363763,0.365199,0.297354,0.309479,15632,2069830
monero,"Jan 12, 2015",0.378873,0.38503699999999996,0.36025300000000005,0.364316,12038,2149210
monero,"Jan 11, 2015",0.418943,0.41952799999999996,0.372444,0.37874800000000003,12932,2369310
monero,"Jan 10, 2015",0.425966,0.43023199999999995,0.370869,0.419216,23213,2400600
monero,"Jan 09, 2015",0.42842600000000003,0.441486,0.41326199999999996,0.43180100000000005,15357,2407840
monero,"Jan 08, 2015",0.472087,0.472087,0.429126,0.429175,18235,2645040
monero,"Jan 07, 2015",0.461614,0.477443,0.446402,0.463607,21150,2578210
monero,"Jan 06, 2015",0.42162,0.477287,0.40964399999999995,0.461609,34747,2348070
monero,"Jan 05, 2015",0.411376,0.44728900000000005,0.393024,0.421412,35008,2283900
monero,"Jan 04, 2015",0.46661800000000003,0.46779,0.398095,0.417234,29438,2582190
monero,"Jan 03, 2015",0.45917299999999994,0.490255,0.45160100000000003,0.461172,42366,2525370
monero,"Jan 02, 2015",0.473272,0.488038,0.434144,0.45913699999999996,34884,2602560
monero,"Jan 01, 2015",0.436241,0.4673,0.419361,0.46576000000000006,25000,2391490
monero,"Dec 31, 2014",0.486608,0.488417,0.42443500000000006,0.43466000000000005,37598,2659040
monero,"Dec 30, 2014",0.490338,0.530357,0.45633900000000005,0.489046,57426,2670650
monero,"Dec 29, 2014",0.564681,0.572393,0.487799,0.487799,72362,3065720
monero,"Dec 28, 2014",0.509646,0.611029,0.48219300000000004,0.563872,117333,2757730
monero,"Dec 27, 2014",0.432913,0.5376810000000001,0.4099,0.5105729999999999,98086,2330360
monero,"Dec 26, 2014",0.456171,0.458636,0.42816099999999996,0.4337,35090,2451960
monero,"Dec 25, 2014",0.42290900000000003,0.455604,0.399465,0.452427,53937,2265570
monero,"Dec 24, 2014",0.383242,0.458137,0.378322,0.425367,64963,2046480
monero,"Dec 23, 2014",0.345175,0.381363,0.334889,0.38109299999999996,25039,1836840
monero,"Dec 22, 2014",0.343896,0.36170399999999997,0.330488,0.34479899999999997,19493,1823950
monero,"Dec 21, 2014",0.338958,0.356308,0.320784,0.343806,24432,1791620
monero,"Dec 20, 2014",0.319682,0.341609,0.31254899999999997,0.339099,12708,1684180
monero,"Dec 19, 2014",0.31616700000000003,0.34468499999999996,0.304235,0.319859,16495,1599440
monero,"Dec 18, 2014",0.338177,0.35262,0.304904,0.31638299999999997,17760,1710790
monero,"Dec 17, 2014",0.347026,0.34917800000000004,0.29985900000000004,0.338319,33392,1755550
monero,"Dec 16, 2014",0.383263,0.39198299999999997,0.334445,0.337857,41022,1938870
monero,"Dec 15, 2014",0.386838,0.406343,0.377044,0.382897,23998,1956960
monero,"Dec 14, 2014",0.375254,0.41132399999999997,0.370846,0.383506,13827,1898350
monero,"Dec 13, 2014",0.375526,0.384706,0.36859899999999995,0.375961,17428,1899730
monero,"Dec 12, 2014",0.39379899999999995,0.397863,0.372755,0.375733,16404,1992170
monero,"Dec 11, 2014",0.38738,0.407224,0.376755,0.398488,22967,1959700
monero,"Dec 10, 2014",0.391179,0.419919,0.368985,0.38965900000000003,18125,1978920
monero,"Dec 09, 2014",0.448309,0.449525,0.38045999999999996,0.389608,28887,2267930
monero,"Dec 08, 2014",0.470613,0.497378,0.443479,0.44834399999999996,36453,2377730
monero,"Dec 07, 2014",0.44345100000000004,0.480663,0.44345100000000004,0.47055600000000003,21888,2232200
monero,"Dec 06, 2014",0.427467,0.44893999999999995,0.422849,0.44370299999999996,18704,2143880
monero,"Dec 05, 2014",0.455063,0.480443,0.407362,0.428893,45855,2273710
monero,"Dec 04, 2014",0.5088739999999999,0.5171859999999999,0.453813,0.45646800000000004,18052,2533220
monero,"Dec 03, 2014",0.528122,0.528122,0.48467,0.507566,26153,2619290
monero,"Dec 02, 2014",0.473696,0.552778,0.46947700000000003,0.527409,21322,2340440
monero,"Dec 01, 2014",0.567864,0.5779340000000001,0.470041,0.4745,78718,2778070
monero,"Nov 30, 2014",0.571386,0.580775,0.562884,0.5675520000000001,14933,2795300
monero,"Nov 29, 2014",0.5643199999999999,0.586719,0.5599930000000001,0.565711,17081,2757520
monero,"Nov 28, 2014",0.5570970000000001,0.575006,0.534664,0.564761,17670,2711830
monero,"Nov 27, 2014",0.560613,0.5696680000000001,0.553501,0.5575399999999999,10861,2718540
monero,"Nov 26, 2014",0.58257,0.624192,0.551515,0.5627409999999999,29237,2814430
monero,"Nov 25, 2014",0.531602,0.640426,0.53089,0.595471,84303,2558050
monero,"Nov 24, 2014",0.52605,0.553483,0.525883,0.53174,29694,2521740
monero,"Nov 23, 2014",0.5356609999999999,0.542355,0.515386,0.5268970000000001,31247,2557650
monero,"Nov 22, 2014",0.533662,0.557867,0.5254310000000001,0.534829,26877,2538420
monero,"Nov 21, 2014",0.516995,0.56325,0.500091,0.53249,34458,2449300
monero,"Nov 20, 2014",0.558639,0.569225,0.514469,0.525171,23232,2636230
monero,"Nov 19, 2014",0.5969949999999999,0.602582,0.5543520000000001,0.559003,25761,2806170
monero,"Nov 18, 2014",0.586133,0.6033390000000001,0.526158,0.599073,49912,2744180
monero,"Nov 17, 2014",0.651929,0.676593,0.556251,0.58478,152764,3039770
monero,"Nov 16, 2014",0.638882,0.6576770000000001,0.626272,0.6545310000000001,27107,2967190
monero,"Nov 15, 2014",0.692307,0.7054060000000001,0.625895,0.641145,31336,3202520
monero,"Nov 14, 2014",0.700665,0.701875,0.643252,0.689225,65338,3227210
monero,"Nov 13, 2014",0.7356739999999999,0.773504,0.665388,0.70453,41143,3374860
monero,"Nov 12, 2014",0.718542,0.763825,0.6951579999999999,0.73232,75047,3282510
monero,"Nov 11, 2014",0.734491,0.746636,0.6919609999999999,0.717955,30147,3341990
monero,"Nov 10, 2014",0.71667,0.762476,0.69292,0.735697,67836,3246790
monero,"Nov 09, 2014",0.643598,0.7213689999999999,0.6340680000000001,0.7213689999999999,44247,2903700
monero,"Nov 08, 2014",0.619835,0.658196,0.5936680000000001,0.643877,40713,2785880
monero,"Nov 07, 2014",0.590278,0.6194850000000001,0.5783229999999999,0.616295,29987,2626730
monero,"Nov 06, 2014",0.5708340000000001,0.597075,0.5568069999999999,0.595903,28528,2540200
monero,"Nov 05, 2014",0.547942,0.5846439999999999,0.547942,0.571982,25458,2430850
monero,"Nov 04, 2014",0.575828,0.582737,0.545748,0.547635,42253,2543340
monero,"Nov 03, 2014",0.577925,0.59926,0.551178,0.5763229999999999,40900,2541950
monero,"Nov 02, 2014",0.586417,0.586417,0.561821,0.579494,26877,2568260
monero,"Nov 01, 2014",0.607123,0.638227,0.571454,0.585832,33872,2647220
monero,"Oct 31, 2014",0.61369,0.6401140000000001,0.598314,0.607218,37303,2663690
monero,"Oct 30, 2014",0.632047,0.664415,0.590307,0.614064,48427,2731100
monero,"Oct 29, 2014",0.687775,0.699246,0.621768,0.6330600000000001,23967,2958330
monero,"Oct 28, 2014",0.704975,0.729839,0.6046159999999999,0.689257,82389,3016260
monero,"Oct 27, 2014",0.697623,0.774522,0.603494,0.722831,141319,2974520
monero,"Oct 26, 2014",0.74026,0.75317,0.685867,0.6944020000000001,37577,3142310
monero,"Oct 25, 2014",0.763826,0.771308,0.671765,0.7398020000000001,54596,3227940
monero,"Oct 24, 2014",0.842075,0.8599680000000001,0.744815,0.762157,52867,3541880
monero,"Oct 23, 2014",0.942326,0.9461930000000001,0.725042,0.8654959999999999,97124,3944870
monero,"Oct 22, 2014",0.956909,0.992102,0.9427469999999999,0.946716,63727,3987300
monero,"Oct 21, 2014",0.952061,0.979182,0.932976,0.9577829999999999,50963,3949060
monero,"Oct 20, 2014",0.995676,1.01,0.916824,0.9503940000000001,86281,4110980
monero,"Oct 19, 2014",0.965568,1.01,0.958882,0.9944360000000001,47858,3968000
monero,"Oct 18, 2014",0.973584,1.0,0.948108,0.96583,60842,3981500
monero,"Oct 17, 2014",0.998718,0.998718,0.9188569999999999,0.973198,63034,4064590
monero,"Oct 16, 2014",0.9869540000000001,1.03,0.9183399999999999,0.999458,59154,3997770
monero,"Oct 15, 2014",1.08,1.08,0.9110030000000001,0.9908110000000001,104550,4365480
monero,"Oct 14, 2014",1.1,1.16,1.07,1.07,63787,4406300
monero,"Oct 13, 2014",1.08,1.13,1.02,1.1,92059,4324230
monero,"Oct 12, 2014",1.08,1.1,1.04,1.09,58972,4280260
monero,"Oct 11, 2014",1.14,1.15,1.06,1.08,81876,4499020
monero,"Oct 10, 2014",1.1,1.15,1.04,1.14,121420,4343870
monero,"Oct 09, 2014",1.09,1.16,1.05,1.11,66785,4255220
monero,"Oct 08, 2014",1.0,1.11,0.949084,1.09,116352,3906930
monero,"Oct 07, 2014",0.9804930000000001,1.01,0.90069,1.0,68252,3797610
monero,"Oct 06, 2014",0.8786790000000001,0.9965299999999999,0.805445,0.9797030000000001,65377,3385660
monero,"Oct 05, 2014",0.977117,1.01,0.786768,0.879503,86073,3745430
monero,"Oct 04, 2014",1.09,1.13,0.966409,0.977628,65894,4166030
monero,"Oct 03, 2014",1.18,1.18,1.07,1.1,113844,4493740
monero,"Oct 02, 2014",1.22,1.22,1.18,1.19,61824,4588330
monero,"Oct 01, 2014",1.21,1.22,1.17,1.2,65140,4536570
monero,"Sep 30, 2014",1.16,1.25,1.14,1.22,82094,4344950
monero,"Sep 29, 2014",1.22,1.23,1.14,1.15,83902,4533030
monero,"Sep 28, 2014",1.31,1.37,1.21,1.22,84413,4821140
monero,"Sep 27, 2014",1.38,1.39,1.28,1.31,95657,5082540
monero,"Sep 26, 2014",1.4,1.46,1.32,1.39,81632,5104450
monero,"Sep 25, 2014",1.5,1.51,1.39,1.4,126179,5441180
monero,"Sep 24, 2014",1.46,1.56,1.45,1.51,122748,5285770
monero,"Sep 23, 2014",1.26,1.5,1.23,1.47,205229,4526380
monero,"Sep 22, 2014",1.27,1.34,1.21,1.26,137822,4552650
monero,"Sep 21, 2014",1.27,1.41,1.17,1.27,239591,4502750
monero,"Sep 20, 2014",1.44,1.57,1.17,1.27,362626,5094260
monero,"Sep 19, 2014",1.57,1.59,1.38,1.45,171739,5503840
monero,"Sep 18, 2014",1.74,1.74,1.5,1.57,253082,6076160
monero,"Sep 17, 2014",1.84,1.9,1.65,1.77,291633,6389740
monero,"Sep 16, 2014",1.9,1.91,1.83,1.84,149855,6557510
monero,"Sep 15, 2014",1.82,1.91,1.81,1.9,132403,6241990
monero,"Sep 14, 2014",1.85,1.89,1.79,1.82,123269,6308010
monero,"Sep 13, 2014",1.88,1.89,1.79,1.85,156820,6365210
monero,"Sep 12, 2014",1.94,2.0,1.82,1.88,166282,6544780
monero,"Sep 11, 2014",1.97,2.07,1.92,1.94,173065,6583810
monero,"Sep 10, 2014",1.77,2.08,1.76,1.97,280005,5876080
monero,"Sep 09, 2014",1.88,1.89,1.75,1.77,129058,6200410
monero,"Sep 08, 2014",1.88,1.92,1.79,1.87,158829,6166130
monero,"Sep 07, 2014",1.94,1.97,1.84,1.88,151671,6324720
monero,"Sep 06, 2014",1.98,2.0,1.9,1.95,120274,6411200
monero,"Sep 05, 2014",2.05,2.11,1.86,1.98,168193,6595670
monero,"Sep 04, 2014",2.03,2.16,1.88,2.05,186620,6507160
monero,"Sep 03, 2014",1.95,2.09,1.9,2.03,153437,6205680
monero,"Sep 02, 2014",2.05,2.07,1.89,1.96,218797,6464120
monero,"Sep 01, 2014",2.17,2.28,1.97,2.04,268279,6827450
monero,"Aug 31, 2014",2.43,2.56,2.1,2.17,308396,7577360
monero,"Aug 30, 2014",2.21,2.49,2.19,2.44,270668,6832530
monero,"Aug 29, 2014",2.18,2.28,2.14,2.21,219724,6708610
monero,"Aug 28, 2014",2.0,2.24,2.0,2.21,246829,6110120
monero,"Aug 27, 2014",2.01,2.04,1.94,2.01,125364,6098760
monero,"Aug 26, 2014",2.09,2.1,1.9,2.01,191411,6291750
monero,"Aug 25, 2014",1.95,2.08,1.89,2.05,179315,5843100
monero,"Aug 24, 2014",1.81,1.97,1.81,1.95,113086,5377400
monero,"Aug 23, 2014",1.78,1.86,1.73,1.81,81316,5236920
monero,"Aug 22, 2014",1.82,1.9,1.75,1.78,118268,5331550
monero,"Aug 21, 2014",1.84,1.9,1.78,1.82,141302,5337170
monero,"Aug 20, 2014",1.66,1.96,1.61,1.83,286655,4795780
monero,"Aug 19, 2014",1.45,1.65,1.39,1.65,98273,4013520
monero,"Aug 18, 2014",1.47,1.65,1.34,1.45,108222,4074930
monero,"Aug 17, 2014",1.6,1.65,1.42,1.46,72244,4447240
monero,"Aug 16, 2014",1.59,1.61,1.49,1.6,82703,4413540
monero,"Aug 15, 2014",1.78,1.8,1.52,1.59,182760,4932750
monero,"Aug 14, 2014",1.91,1.92,1.69,1.76,99815,5280750
monero,"Aug 13, 2014",2.0,2.04,1.83,1.9,89506,5465790
monero,"Aug 12, 2014",2.08,2.1,1.97,2.0,114580,5649600
monero,"Aug 11, 2014",2.04,2.17,1.93,2.08,132234,5505760
monero,"Aug 10, 2014",2.05,2.12,1.99,2.06,80847,5482750
monero,"Aug 09, 2014",2.17,2.18,2.08,2.1,72351,5760020
monero,"Aug 08, 2014",2.14,2.21,2.11,2.18,87502,5636120
monero,"Aug 07, 2014",2.19,2.24,2.1,2.14,88304,5713790
monero,"Aug 06, 2014",2.2,2.28,2.13,2.19,76411,5698660
monero,"Aug 05, 2014",2.01,2.2,1.98,2.15,94391,5154370
monero,"Aug 04, 2014",2.36,37.78,1.99,2.01,234647,5992660
monero,"Aug 03, 2014",2.5,2.5,2.25,2.36,144327,6295750
monero,"Aug 02, 2014",2.67,2.73,2.5,2.5,101031,6665580
monero,"Aug 01, 2014",2.57,2.67,2.49,2.67,145177,6361190
monero,"Jul 31, 2014",2.52,2.64,2.49,2.55,111065,6187770
monero,"Jul 30, 2014",2.62,2.63,2.5,2.54,79830,6374650
monero,"Jul 29, 2014",2.7,2.8,2.56,2.62,272756,6507970
monero,"Jul 28, 2014",2.55,2.7,2.42,2.7,141903,6102470
monero,"Jul 27, 2014",2.62,2.65,2.45,2.55,111827,6211480
monero,"Jul 26, 2014",2.7,2.77,2.51,2.62,125320,6327920
monero,"Jul 25, 2014",2.37,2.71,2.31,2.71,182887,5500730
monero,"Jul 24, 2014",2.92,2.97,2.28,2.36,292547,6717400
monero,"Jul 23, 2014",3.2,3.24,2.84,2.91,274946,7296220
monero,"Jul 22, 2014",3.09,3.32,3.01,3.2,262049,6966760
monero,"Jul 21, 2014",2.67,3.14,2.65,3.09,243140,5978470
monero,"Jul 20, 2014",2.88,2.93,2.58,2.63,116853,6372740
monero,"Jul 19, 2014",2.59,3.07,2.54,2.88,169471,5680000
monero,"Jul 18, 2014",3.03,3.29,2.46,2.62,348336,6577180
monero,"Jul 17, 2014",2.71,3.58,2.64,2.98,503684,5804450
monero,"Jul 16, 2014",2.16,2.93,2.05,2.71,353430,4585570
monero,"Jul 15, 2014",1.95,2.2,1.79,2.11,136205,4096760
monero,"Jul 14, 2014",1.79,1.99,1.62,1.97,100284,3716450
monero,"Jul 13, 2014",1.73,1.97,1.46,1.79,122049,3562450
monero,"Jul 12, 2014",1.79,1.94,1.72,1.73,65375,3648870
monero,"Jul 11, 2014",1.86,1.92,1.72,1.79,116666,3746700
monero,"Jul 10, 2014",2.03,2.09,1.86,1.89,89099,4033590
monero,"Jul 09, 2014",2.3,2.31,1.99,2.01,69554,4518280
monero,"Jul 08, 2014",1.98,2.36,1.97,2.35,94993,3851290
monero,"Jul 07, 2014",2.4,2.4,1.95,1.99,111370,4609840
monero,"Jul 06, 2014",2.47,2.48,2.29,2.4,77663,4690900
monero,"Jul 05, 2014",2.64,2.64,2.44,2.47,68525,4956910
monero,"Jul 04, 2014",2.64,3.0,2.54,2.64,148555,4899760
monero,"Jul 03, 2014",2.31,2.82,2.23,2.64,168532,4217730
monero,"Jul 02, 2014",2.34,2.54,2.26,2.31,101095,4225600
monero,"Jul 01, 2014",2.51,2.65,2.34,2.35,98540,4470350
monero,"Jun 30, 2014",2.55,2.7,2.44,2.5,124575,4484350
monero,"Jun 29, 2014",2.55,2.76,2.26,2.54,138511,4434960
monero,"Jun 28, 2014",2.32,2.9,2.25,2.55,184970,3997740
monero,"Jun 27, 2014",2.98,3.0,2.07,2.2,250643,5044180
monero,"Jun 26, 2014",3.28,3.38,2.8,2.89,117740,5471230
monero,"Jun 25, 2014",3.23,3.39,2.63,3.39,217183,5313820
monero,"Jun 24, 2014",3.93,4.07,2.96,3.28,150995,6374590
monero,"Jun 23, 2014",4.28,4.82,3.77,3.98,433301,6851250
monero,"Jun 22, 2014",4.98,5.21,4.02,4.35,491984,7853920
monero,"Jun 21, 2014",4.33,5.85,4.14,5.01,723077,6730580
monero,"Jun 20, 2014",3.17,4.59,3.12,4.56,543764,4844000
monero,"Jun 19, 2014",2.78,3.52,2.68,3.13,283962,4188790
monero,"Jun 18, 2014",2.9,2.98,2.46,2.79,183102,4304890
monero,"Jun 17, 2014",3.15,3.31,2.72,2.82,228445,4601540
monero,"Jun 16, 2014",2.72,3.55,2.62,3.18,438776,3905660
monero,"Jun 15, 2014",2.32,2.75,2.25,2.69,150652,3288170
monero,"Jun 14, 2014",1.93,2.82,1.88,2.34,276919,2677530
monero,"Jun 13, 2014",1.65,1.96,1.62,1.92,84237,2257650
monero,"Jun 12, 2014",1.62,2.17,1.53,1.74,108619,2174900
monero,"Jun 11, 2014",1.72,2.17,1.53,1.62,85735,2279840
monero,"Jun 10, 2014",1.48,2.39,1.31,1.73,182599,1917820
monero,"Jun 09, 2014",1.33,1.64,1.27,1.52,56500,1697580
monero,"Jun 08, 2014",1.36,1.44,1.24,1.34,40634,1702900
monero,"Jun 07, 2014",1.24,1.69,1.21,1.36,44187,1523430
monero,"Jun 06, 2014",1.46,1.51,1.17,1.24,100635,1781530
monero,"Jun 04, 2014",1.93,1.99,1.71,1.81,51886,2238440
monero,"Jun 03, 2014",1.73,2.1,1.65,1.93,91332,1966370
monero,"Jun 02, 2014",1.76,1.94,1.6,1.73,47672,1964820
monero,"Jun 01, 2014",1.94,2.57,1.54,1.74,130602,2111850
monero,"May 31, 2014",1.58,2.28,1.41,1.94,117399,1675440
monero,"May 30, 2014",1.68,1.87,1.08,1.57,119296,1742630
monero,"May 29, 2014",2.21,2.49,1.68,1.68,109157,2251030
monero,"May 28, 2014",2.24,2.85,1.91,2.27,177716,2231880
monero,"May 27, 2014",3.03,3.03,2.07,2.21,97603,2958060
monero,"May 26, 2014",3.22,3.76,2.31,3.02,220148,3070190
monero,"May 25, 2014",4.04,4.04,2.8,3.14,283545,3774890
monero,"May 24, 2014",2.92,4.01,2.62,3.7,248028,2653720
monero,"May 23, 2014",2.05,3.43,2.05,2.96,266852,1816200
monero,"May 22, 2014",1.59,2.19,1.36,2.1,132918,1371470
monero,"May 21, 2014",2.47,2.65,1.23,1.6,246540,2079640
